PuzzleId,FEN,Moves,Rating,Themes,SAN
02NvQ,2krr3/1pp3p1/p4p2/5P2/5P1B/7P/PPQp2R1/1R1KqB2 w - - 3 30,h4e1 d2e1q,409,advancedpawn doublecheck mate matein1 middlegame onemove promotion,Bxe1 dxe1=Q#
0R2og,r1r3k1/5ppp/4p3/6P1/4Q2P/1P1P4/pR6/K1q2R2 w - - 2 29,f1c1 c8c1 b2b1 a2b1q,478,advancedpawn doublecheck endgame mate matein2 promotion queenrookendgame short,Rxc1 Rxc1+ Rb1 axb1=Q#
07zqN,3q1r1k/6p1/p2p2nP/2pB1P2/4PR2/2PP3R/1P4QK/r7 b - - 0 35,g6f4 h6g7,498,advancedpawn doublecheck master mate matein1 middlegame onemove,Nxf4 hxg7#
062Zq,r4rk1/ppp2Rpp/2n5/4P3/2B5/2P2R1P/P1P3P1/6K1 b - - 0 18,c6e5 f7f8,589,doublecheck endgame mate matein1 onemove,Nxe5 Rxf8#
0fNoJ,r2qkb1r/pp1n1ppp/n2B4/1Npp1b2/Q2P4/P7/1P2PPPP/R3KBNR b KQkq - 1 9,d7b6 b5c7,666,doublecheck mate matein1 onemove opening,Nb6 Nc7#
0GuTp,rnbkr3/ppp2ppp/8/4n3/4B3/2N5/PPPBK1PP/3R3R b - - 3 13,e5c4 d2g5,715,doublecheck mate matein1 middlegame onemove,Nc4 Bg5#
0VasO,R7/5pn1/4p1k1/p2pP1P1/Pb1P2Pp/1r5P/1n2N3/2B3K1 b - - 0 41,b3h3 e2f4 g6g5 f4h3,745,advantage doublecheck fork middlegame short,Rxh3 Nf4+ Kxg5 Nxh3+
0bv2D,r3kb1r/pp1q1pp1/2n5/2ppp2n/6b1/2NP2PP/PPP1PRB1/R1BQ2NK w kq - 3 12,h3g4 h5g3,769,doublecheck kingsideattack mate matein1 onemove opening,hxg4 Nxg3#
0djcT,2r5/1p3pk1/pn2p1pQ/3pP3/1P1P3N/2q2NP1/5PK1/7R b - - 0 29,g7h6 h4f5,790,doublecheck endgame master mate matein1 onemove,Kxh6 Nf5#
08XzM,r1bqkb1r/p1p1pppp/8/1N1P4/Q1Pn4/8/PPn2PPP/R1BK1BNR b kq - 2 9,c2a1 b5d6,792,doublecheck mate matein1 onemove opening,Nxa1 Nd6#
00c0D,rnb1k2r/ppB2p2/8/3p2p1/3Q2np/2N2NK1/PPP1B1PP/R6R w kq - 0 14,g3h3 g4f2,800,doublecheck mate matein1 middlegame onemove,Kh3 Nf2#
04bch,3RNbk1/4Np1p/6p1/4p1P1/2n1P3/8/1P3r2/2K5 b - - 9 38,f8e7 e8f6 g8g7 d8g8,801,doublecheck endgame hookmate mate matein2 short,Bxe7 Nf6+ Kg7 Rg8#
0QhWy,3RN1k1/p4ppp/1nr5/8/8/6B1/PbP3PP/7K b - - 3 22,h7h6 e8f6,804,doublecheck endgame mate matein1 onemove,h6 Nf6#
04KbJ,8/pR6/5ppk/8/2P4p/1P3P1P/P5P1/4rnBK w - - 0 43,g1f2 f1g3 h1h2 e1h1,813,doublecheck endgame hookmate mate matein2 short,Bf2 Ng3+ Kh2 Rh1#
0Gk2z,r2q3r/p1pp1Bbk/1p2p2p/3b4/2n1NRPn/3Q4/PP5P/R1B3K1 b - - 5 20,c4e5 e4f6,818,doublecheck mate matein1 middlegame onemove,Ne5 Nf6#
0Ct1P,8/pp3pkp/1q1p1np1/8/2P5/3Br1R1/PPQ3PP/5RK1 w - - 0 27,f1f6 e3e1,884,doublecheck endgame mate matein1 onemove,Rxf6 Re1#
0FpKX,r4rk1/2p2ppp/4q3/pp2b3/1P6/P4Q1P/2P2PP1/1R1NKB1R w K - 0 18,f1b5 e5c3 e1f1 e6e1,887,doublecheck mate matein2 middlegame short,Bxb5 Bc3+ Kf1 Qe1#
0Qsew,rn1qkb1r/pp2pppp/5n2/1N6/Q2P4/8/PP3PPP/R1B1K1NR b KQkq - 0 9,b8a6 b5d6,890,doublecheck mate matein1 onemove opening,Na6 Nd6#
07OHG,5Q2/p5pk/1p2p2p/1R6/2RPp3/2P1q3/5nPP/5B1K w - - 7 32,h1g1 f2h3 g1h1 e3g1,904,doublecheck endgame mate matein2 short,Kg1 Nh3+ Kh1 Qg1#
0faMo,3r1b1k/1p3pQ1/4rP1P/1q1np3/4P2R/p2PB2P/P4K2/3R4 b - - 3 33,f8g7 h6g7 h8g8 h4h8,906,advancedpawn doublecheck kingsideattack master mate matein2 middlegame short,Bxg7 hxg7+ Kg8 Rh8#
0ldFX,r1bq1bkr/pp4p1/2n2n1p/3NN3/2Q1P3/8/PP3PPP/R1B2RK1 b - - 0 14,c6e5 d5f6,913,doublecheck kingsideattack mate matein1 onemove opening,Nxe5 Nxf6#
0KFqV,8/1p4k1/p5pb/8/P1n1P2p/1NP5/1PK5/5R2 w - - 2 31,b3c5 c4e3 c2d2 e3f1,931,crushing doublecheck endgame fork short,Nc5 Ne3+ Kd2 Nxf1+
0kRoi,5r1k/6p1/pp2Q2p/8/3q4/P2P4/1P3rPP/1R3RK1 w - - 1 25,e6e4 f2f1,960,doublecheck endgame mate matein1 onemove,Qe4 Rxf1#
0L9bJ,r4r2/p5bk/1p4p1/2p4q/3p1BN1/PP1P2PN/2P4Q/5RK1 b - - 5 29,h5g4 h3g5 h7g8 h2h7,962,doublecheck mate matein2 middlegame short,Qxg4 Ng5+ Kg8 Qh7#
0Zkc5,8/8/8/3rpkpp/5p2/5P2/4RKPP/8 b - - 3 49,e5e4 f3e4 f5e6 e4d5,977,crushing doublecheck endgame fork master rookendgame short,e4 fxe4+ Ke6 exd5+
0khDH,r1bqkb1r/pp1p1pp1/2n1Pn1p/2p3N1/2B5/8/PPPPQ1PP/RNB1K2R b KQkq - 0 8,h6g5 e6f7,985,advancedpawn attackingf2f7 doublecheck mate matein1 onemove opening,hxg5 exf7#
073Wk,r5r1/pp5k/n2p1q1p/2pP1R2/2P5/P1NBp1bP/1P4P1/R5KQ b - - 0 28,f6d4 f5f7 h7h8 f7h7,996,doublecheck mate matein2 middlegame short,Qd4 Rf7+ Kh8 Rh7#
0mfI7,r1b2b1r/ppppk1p1/5B1p/4N2B/3PP3/8/PP3PPP/nN1K3R b - - 0 11,g7f6 e5g6 e7f7 g6h8,1006,advantage doublecheck fork middlegame short,gxf6 Ng6+ Kf7 Nxh8+
0hQRv,r2k3r/p1bbq3/2B1p3/8/1PN4p/2P1PQp1/P5K1/5RR1 w - - 0 31,c6a8 h4h3 g2h1 g3g2 g1g2 h3g2,1008,advancedpawn crushing doublecheck exposedking fork long middlegame,Bxa8 h3+ Kh1 g2+ Rxg2 hxg2+
09tHX,5k2/1q2pp1p/3p2p1/1p2n3/8/6Q1/PPrN1PpP/R3R1K1 w - - 2 24,d2b3 e5f3 g1g2 f3e1,1018,crushing doublecheck fork middlegame short,Nb3 Nf3+ Kxg2 Nxe1+
0eySy,4r1rk/ppp2pR1/7P/1n1pnN2/8/2P1P3/PPK5/7R b - - 2 29,g8g7 h6g7 h8g8 h1h8,1048,advancedpawn doublecheck endgame mate matein2 short,Rxg7 hxg7+ Kg8 Rh8#
0AFRX,3rrq1k/2p3pB/pbn2p1p/1p1bP3/1P1p2PN/P2Q2NP/2P4K/R4R2 b - - 7 26,d5c4 h4g6 h8h7 g6f8,1049,crushing doublecheck fork middlegame short,Bc4 Ng6+ Kxh7 Nxf8+
0UONO,r1q1kb1r/5pp1/p2p3p/1N2p3/Q6P/P3n1P1/4N3/R4RK1 b kq - 0 22,e3f1 b5d6 e8e7 d6c8,1068,crushing doublecheck middlegame short,Nxf1 Nxd6+ Ke7 Nxc8+
0OBvS,7k/2p4p/p2pQ3/3P2bN/1PPq2n1/8/6PP/5BK1 w - - 4 36,g1h1 g4f2 h1g1 f2h3 g1h1 d4g1,1083,doublecheck endgame long mate matein3,Kh1 Nf2+ Kg1 Nh3+ Kh1 Qg1#
0aCQH,r5k1/pp3pb1/5rp1/q5P1/1n1Q4/BP2P3/P4P2/R3K2R w KQ - 0 27,g5f6 b4c2 e1f1 c2d4,1092,crushing doublecheck fork master middlegame short,gxf6 Nc2+ Kf1 Nxd4
0H2EI,r5q1/pp4pk/2p3Np/5Q2/4r3/8/6PP/R6K b - - 3 28,g8e6 g6f8 h7g8 f8e6,1096,crushing doublecheck endgame fork short,Qe6 Nf8+ Kg8 Nxe6
03rAR,b6r/4Q1p1/p3p1k1/2p2p1p/5Rq1/P5BK/1P5P/8 w - - 2 38,f4g4 h5g4,1096,doublecheck endgame mate matein1 onemove,Rxg4+ hxg4#
0hNLw,r1b1q2k/pp1n2pB/2p1pr2/2PpN3/3P4/2PR4/P1Q2PPP/2K4R b - - 4 17,h8h7 d3h3 h7g8 c2h7,1111,crushing doublecheck middlegame short,Kxh7 Rh3+ Kg8 Qh7+
06ACU,7r/2p5/1ppp1k1p/6p1/1P1NPP1K/r6P/P4P2/R5R1 w - - 0 27,f4g5 h6g5 h4g4 h8h4,1127,doublecheck endgame mate matein2 short,fxg5+ hxg5+ Kg4 Rh4#
0azlD,3r3k/pp4p1/2p1R2p/2P5/1P3pB1/2Q4P/P4PPK/1q3n2 w - - 8 32,h2h1 f1g3 h1h2 b1h1,1128,doublecheck endgame kingsideattack mate matein2 short,Kh1 Ng3+ Kh2 Qh1#
0S5CE,r2q1r1k/pp1n1pp1/2p5/3p4/3P2bN/3B4/PPP2PP1/R1BQ1K1R b - - 0 13,g4d1 h4g6 h8g8 h1h8,1135,doublecheck kingsideattack mate matein2 middlegame short,Bxd1 Ng6+ Kg8 Rh8#
0F5dB,r1b1k2r/ppp2pbp/n7/3p2N1/7P/P7/1PPBBnP1/2K1R1NR b kq - 2 17,a6c5 e2b5 e8f8 e1e8,1142,doublecheck mate matein2 opening short,Nc5 Bb5+ Kf8 Re8#
0Z304,r1bq1rk1/pp1nb1p1/2n1pp2/3pP2p/3P3N/2NB3P/PPQ2PP1/R1B2RK1 b - - 1 12,f6e5 d3h7 g8h8 h4g6 h8h7 g6f8,1145,advantage doublecheck fork long opening,fxe5 Bh7+ Kh8 Ng6+ Kxh7 Nxf8+
0jE74,4rr2/1p2Np1k/p2pbPp1/2p4P/7R/4Q2P/PqP5/3R2K1 b - - 0 31,b2f6 h5g6 h7g7 h4h7,1153,doublecheck mate matein2 middlegame short,Qxf6 hxg6+ Kg7 Rh7#
0mFAo,5rkb/1p1RN2p/1B3pp1/7n/8/8/PPP1qPPP/R5K1 b - - 2 23,g8g7 e7f5 g7g8 f5h6,1156,doublecheck mate matein2 middlegame short,Kg7 Nf5+ Kg8 Nh6#
0PWJd,r4rk1/ppp2ppp/4q3/4n3/5Q2/B2P2P1/P1P4P/R3KR2 w Q - 0 18,a3f8 e5d3 e1d2 d3f4,1158,crushing doublecheck middlegame short,Bxf8 Nxd3+ Kd2 Nxf4
0jeaG,8/1p6/3k1r1p/3pRrp1/p1pP4/P1P5/1P3P2/4RK2 b - - 1 38,f5e5 d4e5 d6e7 e5f6,1159,advantage doublecheck endgame fork rookendgame short,Rxe5 dxe5+ Ke7 exf6+
01VBW,2b1rr1k/3q2pB/p1p2b2/PpPp4/1P1P1Np1/8/2Q2P1P/R4RK1 b - - 2 21,f6d4 f4g6 h8h7 g6f8 h7g8 f8d7,1161,crushing doublecheck fork long middlegame,Bxd4 Ng6+ Kxh7 Nxf8+ Kg8 Nxd7
0PLF3,r3k2r/pp4p1/2n1p3/3pPp1n/2pP4/2P1P1P1/PPBB1QP1/R4RKq w kq - 1 19,g1h1 h5g3 h1g1 h8h1,1166,doublecheck kingsideattack mate matein2 middlegame short,Kxh1 Nxg3+ Kg1 Rh1#
0EKJl,1rbqkbnr/pp2p3/3p1p2/1NpPnNBp/Q1P1P1p1/3B4/PP3PPP/R4RK1 b k - 1 14,a7a6 b5d6,1173,doublecheck mate matein1 middlegame onemove,a6 Nbxd6#
0FQxP,r4r1k/p1p3bp/Q2pNnp1/2q5/4P3/2P3P1/PP3nBP/R1B2R1K w - - 7 22,h1g1 f2h3 g1h1 c5g1 f1g1 h3f2,1180,doublecheck kingsideattack long mate matein3 middlegame sacrifice smotheredmate,Kg1 Nh3+ Kh1 Qg1+ Rxg1 Nf2#
0oi78,r4rk1/1p4b1/3p2pp/3Np1q1/2Q1P3/pPP5/P4P1R/1K5R b - - 1 26,a8c8 d5e7 g8h7 e7c8,1182,advantage doublecheck middlegame short,Rac8 Ne7+ Kh7 Nxc8
0UJsq,r4rk1/p1qN3p/2p3p1/3p1n2/8/2PB4/PPQ3Pb/2B1RRK1 w - - 0 23,g1h1 f5g3 h1h2 g3f1 h2g1 c7h2,1187,doublecheck fork long mate matein3 middlegame,Kh1 Ng3+ Kxh2 Nxf1+ Kg1 Qh2#
0Lpsn,r2qkbnr/ppp2ppp/6n1/5b2/4NB2/3P4/PPP1Q1PP/R3KBNR b KQkq - 4 8,g6f4 e4f6,1190,doublecheck mate matein1 onemove opening,Nxf4 Nf6#
0A8Ka,5rk1/1p3Nbp/8/r1pQ4/8/4q1n1/P1P2RPN/6K1 b - - 3 29,c5c4 f7h6 g8h8 d5g8 f8g8 h6f7,1193,doublecheck long mate matein3 middlegame sacrifice smotheredmate,c4 Nh6+ Kh8 Qg8+ Rxg8 Nf7#
0itAx,r3kQb1/2p1p2p/p1q3p1/2P5/1pp2N2/4PR2/PPP2PP1/2KR4 b - - 0 25,e8f8 f4e6 f8e8 e6g7,1208,doublecheck endgame mate matein2 short,Kxf8 Ne6+ Ke8 Ng7#
0iJ2Y,r3k2r/p1ppqp1p/b1p3p1/4b3/R1P4P/P7/1Pn1QPP1/RNB1KB2 w Qkq - 1 14,e2c2 e5c3 e1d1 e7e1,1221,doublecheck mate matein2 middlegame short,Qxc2 Bc3+ Kd1 Qe1#
066ld,7r/6p1/3p4/4p1P1/R1Nnk3/2r5/5P1p/R6K b - - 1 45,d4f5 c4d6 e4f3 d6f5,1245,advantage deflection doublecheck endgame short,Nf5 Nxd6+ Kf3 Nxf5
0MXbC,1r1q3r/2Q2pbp/4pkp1/p4b2/7P/1PN2N2/PB1PPP2/R3K2R b KQ - 0 21,d8c7 c3d5,1253,doublecheck mate matein1 middlegame onemove,Qxc7 Nd5#
0IWnA,1r3r1k/5Npp/5p2/1p1Qp3/p2p4/P2n3P/1q3PPK/R1n2R2 b - - 1 30,h8g8 f7h6 g8h8 d5g8 f8g8 h6f7,1255,doublecheck kingsideattack long mate matein3 middlegame sacrifice smotheredmate,Kg8 Nh6+ Kh8 Qg8+ Rxg8 Nf7#
0Wjs9,N1b4r/pp2kppp/4q3/2p1n3/8/8/PPP2PPP/R2QKB1R w KQ - 1 14,a8c7 e5f3,1273,doublecheck mate matein1 middlegame onemove,Nc7 Nf3#
0PHYj,r4rk1/pbp1bNpp/1p2Q3/q2n4/2BP1B2/2P2P2/2P3PP/1R3RK1 b - - 0 16,d5f4 f7h6 g8h8 e6g8 f8g8 h6f7,1278,doublecheck kingsideattack long mate matein3 middlegame sacrifice smotheredmate,Nxf4 Nh6+ Kh8 Qg8+ Rxg8 Nf7#
0USJ6,rq2k2r/4ppb1/p2p3p/3P2PP/n5P1/2pBB2N/P1P5/K1QR3R w kq - 4 22,c1a3 b8b2 a3b2 c3b2 a1b1 a4c3 b1b2 c3d1,1281,advancedpawn advantage doublecheck fork master middlegame verylong,Qa3 Qb2+ Qxb2 cxb2+ Kb1 Nc3+ Kxb2 Nxd1+
01TmZ,r1b2rk1/1p2bppp/pqnp4/3Np3/2B1PP2/PN6/1PP2nPP/R1BQ1R1K w - - 5 13,h1g1 f2h3 g1h1 b6g1 f1g1 h3f2,1287,doublecheck kingsideattack long mate matein3 opening sacrifice smotheredmate,Kg1 Nh3+ Kh1 Qg1+ Rxg1 Nf2#
0Cc9M,1n1k3r/6Qp/pq2p3/1p6/8/PB6/1P3nPP/R4R1K w - - 1 20,h1g1 f2h3 g1h1 b6g1 f1g1 h3f2,1289,doublecheck long mate matein3 middlegame sacrifice smotheredmate,Kg1 Nh3+ Kh1 Qg1+ Rxg1 Nf2#
0HTsP,B2k4/p1pn1q1p/3p1n2/8/6b1/3P4/PPP2KPP/RNB1R3 w - - 1 17,b1c3 f6e4 f2g1 f7f2 g1h1 f2e1,1289,backrankmate doublecheck fork long mate matein3 middlegame,Nc3 Ne4+ Kg1 Qf2+ Kh1 Qxe1#
0d3CJ,r4b1r/pp1kpQpp/1q1p1n2/6N1/4PP2/2N5/PP3nPP/R1B2R1K w - - 7 15,h1g1 f2h3 g1h1 b6g1 f1g1 h3f2,1292,doublecheck kingsideattack long mate matein3 middlegame sacrifice smotheredmate,Kg1 Nh3+ Kh1 Qg1+ Rxg1 Nf2#
0pHxs,r1b2r1k/1p2qp2/2n1Nn1P/3p4/8/1p1P2Q1/PPPK1PP1/R6R b - - 0 21,f8g8 g3g7 g8g7 h6g7 h8g8 h1h8,1294,advancedpawn doublecheck exposedking kingsideattack long mate matein3 middlegame sacrifice,Rg8 Qg7+ Rxg7 hxg7+ Kg8 Rh8#
0eUUp,r2b2k1/ppp3pp/3pR3/3P1r2/2P2B2/8/PP4PP/5RK1 b - - 1 20,f5f7 e6e8 f7f8 e8f8 g8f8 f4d6,1297,attraction crushing doublecheck endgame kingsideattack long,Rf7 Re8+ Rf8 Rxf8+ Kxf8 Bxd6+
0OpET,2k2r2/pp1b4/1qp5/4Q3/2P5/2BP1B2/P4nPP/4R2K w - - 1 34,h1g1 f2h3 g1h1 b6g1 e1g1 h3f2,1312,doublecheck long mate matein3 middlegame sacrifice smotheredmate,Kg1 Nh3+ Kh1 Qg1+ Rxg1 Nf2#
09dS7,8/2pk1p1p/4p1p1/3P4/2P2q2/3Q4/4B2r/3KB3 b - - 1 39,h2h1 d5e6 d7e6 d3d5 e6e7 d5h1,1314,advantage attraction doublecheck endgame fork long,Rh1 dxe6+ Kxe6 Qd5+ Ke7 Qxh1
0b5xt,4r1kr/p3Nppp/5nb1/2QP4/6P1/3P1P1q/PPP5/RN4K1 b - - 2 20,g8f8 e7g6 f8g8 c5f8 e8f8 g6e7,1315,doublecheck long mate matein3 middlegame sacrifice smotheredmate,Kf8 Nxg6+ Kg8 Qf8+ Rxf8 Ne7#
0Adjr,r1b1k1nr/ppp2ppp/8/3p4/8/q7/3NBPPP/1R1QR1K1 b kq - 1 15,a3d6 e2b5 e8f8 e1e8,1316,doublecheck mate matein2 middlegame short,Qd6 Bb5+ Kf8 Re8#
0fmp8,1k5r/p1p5/8/6q1/1PP5/P2P1Br1/5Q1p/1R3R1K w - - 2 32,f2d4 g3g1 f1g1 h2g1q,1316,advancedpawn doublecheck mate matein2 middlegame promotion short,Qd4 Rg1+ Rxg1 hxg1=Q#
04fMB,2r2rk1/3Q1ppp/pq2p3/1p2N3/1P3P2/P1P5/5nPP/RNB2R1K w - - 3 18,h1g1 f2h3 g1h1 b6g1 f1g1 h3f2,1324,doublecheck kingsideattack long mate matein3 middlegame sacrifice smotheredmate,Kg1 Nh3+ Kh1 Qg1+ Rxg1 Nf2#
0Br4c,3Q4/6pk/4pp1p/pPq5/P1p5/6R1/5nPP/5R1K w - - 7 48,h1g1 f2h3 g1h1 c5g1 f1g1 h3f2,1326,doublecheck endgame long mate matein3 sacrifice smotheredmate,Kg1 Nh3+ Kh1 Qg1+ Rxg1 Nf2#
0DogY,5Bk1/q4ppp/4p3/3p4/N7/P2n1P2/6PP/2Q4K w - - 0 30,c1c8 d3f2 h1g1 f2h3 g1f1 a7f2,1327,doublecheck endgame long master mate matein3,Qc8 Nf2+ Kg1 Nh3+ Kf1 Qf2#
0D3eZ,r1b2bk1/5p1p/3p1nP1/1q2n3/2p1P3/6Q1/PPP1N1PP/R4R1K b - - 0 21,f6h5 g6f7 g8h8 g3g8,1327,advancedpawn doublecheck kingsideattack mate matein2 middlegame short,Nh5 gxf7+ Kh8 Qg8#
08Aqq,r4rk1/1p2bNpp/pq3R2/3Q4/8/P2P4/1PP3PP/R1B4K b - - 0 18,e7f6 f7h6 g8h8 d5g8 f8g8 h6f7,1330,doublecheck kingsideattack long mate matein3 middlegame sacrifice smotheredmate,Bxf6 Nh6+ Kh8 Qg8+ Rxg8 Nf7#
0Xi5I,3r1rk1/p4Nbp/1p4p1/4p3/8/1QP5/PP2q1PP/3R1R1K b - - 0 21,d8d1 f7h6 g8h8 b3g8 f8g8 h6f7,1340,doublecheck long mate matein3 middlegame sacrifice smotheredmate,Rxd1 Nh6+ Kh8 Qg8+ Rxg8 Nf7#
0QJ9U,r4rk1/R4pp1/1p5p/2p2q2/Q3nP1P/2b1B3/P5PR/1K3B2 w - - 1 23,a7a8 e4d2 b1c1 f5b1,1341,doublecheck fork mate matein2 middlegame short,Rxa8 Nd2+ Kc1 Qb1#
0aBFu,r1b1kr2/p2p1p1Q/1qp1p3/4P3/1PB5/2P5/P4nPP/RNB2RbK w q - 1 16,h1g1 f2h3 g1h1 b6g1 f1g1 h3f2,1345,doublecheck kingsideattack long mate matein3 opening sacrifice smotheredmate,Kxg1 Nh3+ Kh1 Qg1+ Rxg1 Nf2#
02kXd,r2q1r1k/p1p3pp/5p2/1bbN1P1Q/5R2/1B4B1/PPP3PP/7K b - - 2 21,b5e8 h5h7 h8h7 f4h4 e8h5 h4h5 h7g8 d5e7,1349,attraction doublecheck kingsideattack mate matein4 middlegame sacrifice verylong,Be8 Qxh7+ Kxh7 Rh4+ Bh5 Rxh5+ Kg8 Ne7#
0gx3F,Q7/pp2kp2/1qpp2pp/8/4PP2/1P4P1/P4nBP/R4R1K w - - 1 21,h1g1 f2h3 g1h1 b6g1 f1g1 h3f2,1350,doublecheck endgame kingsideattack long mate matein3 sacrifice smotheredmate,Kg1 Nh3+ Kh1 Qg1+ Rxg1 Nf2#
0aIQI,1k4r1/1p4q1/p2p3r/2p1p1b1/2N1P2p/P1PQ1PNP/1P5P/3R1RK1 w - - 0 32,g3f5 g5e3 g1h1 g7g2,1351,doublecheck kingsideattack mate matein2 middlegame short,Nf5 Be3+ Kh1 Qg2#
0BOiN,r4k1r/ppp3pp/8/2b1q3/2BnP3/3P4/PP4PP/R1BQK2R w KQ - 1 16,e1g1 d4f3 g1h1 e5h2,1366,doublecheck kingsideattack mate matein2 middlegame short,O-O+ Nf3+ Kh1 Qxh2#
0F5TR,r4rk1/ppp2ppp/1b1p4/8/2BnPn1q/2N2PPb/PB1N3P/2RQ1R1K w - - 1 20,g3h4 h3g2 h1g1 d4e2,1370,doublecheck fork mate matein2 middlegame short,gxh4 Bg2+ Kg1 Nde2#
0fUGn,5r2/ppp5/4R1Q1/3P3p/2P2q1k/6nP/PP4PK/R7 w - - 6 31,a1e1 g3f1 h2g1 f4h2,1374,doublecheck endgame mate matein2 short,Rae1 Nf1+ Kg1 Qh2#
0kJ5F,2k2b1r/ppp3pp/2n5/2q2r2/5B2/2PP1RNP/PPQ3P1/R5K1 w - - 4 20,d3d4 c6d4 c2e4 d4f3,1377,advantage doublecheck kingsideattack middlegame short,d4 Nxd4 Qe4 Nxf3+
0Eu1x,5r1k/1Qp3pp/1p1p4/8/3qP3/P4P2/1PP2nPP/R4R1K w - - 3 21,h1g1 f2h3 g1h1 d4g1 f1g1 h3f2,1383,doublecheck endgame kingsideattack long mate matein3 sacrifice smotheredmate,Kg1 Nh3+ Kh1 Qg1+ Rxg1 Nf2#
04Rkh,r1b2r2/pp2q1p1/2p4k/2P1n1Pn/4N2P/4P3/PPQ2P2/2R1K2R b K - 0 19,h6h7 e4f6 h7h8 c2h7,1392,doublecheck mate matein2 middlegame short,Kh7 Nf6+ Kh8 Qh7#
00bou,r1b1k1nr/pppp1ppp/3b4/3N2B1/3p4/8/PP1KBPPP/4R2R b kq - 3 11,f7f6 e2h5 e8f8 e1e8,1398,doublecheck mate matein2 middlegame short,f6 Bh5+ Kf8 Re8#
0B4Lr,4qrk1/pb2RNbp/1p2Q1p1/7n/1Pr2P2/2P5/P5PP/2B2RK1 b - - 2 25,e8e7 f7h6 g8h8 e6e7,1399,advantage doublecheck intermezzo kingsideattack middlegame short,Qxe7 Nh6+ Kh8 Qxe7
0OMuG,r4rk1/1p1bppbp/pq1p2p1/3N4/4PP2/P5P1/1PP2nBP/R1BQ1R1K w - - 5 15,h1g1 f2h3 g1h1 b6g1 f1g1 h3f2,1399,doublecheck kingsideattack long mate matein3 middlegame sacrifice smotheredmate,Kg1 Nh3+ Kh1 Qg1+ Rxg1 Nf2#
06BuX,3rr3/5ppp/1pQ1kn1q/3p4/3PP3/2K2P2/PPP4P/4R2R b - - 0 21,d8d6 e4d5 e6f5 c6d6 e8e1 h1e1,1419,crushing doublecheck long middlegame,Rd6 exd5+ Kf5 Qxd6 Rxe1 Rxe1
0mdnF,r4r1k/pp3Npp/4Q3/3pP3/3P4/8/1q3PPP/5RK1 b - - 1 20,h8g8 f7h6 g8h8 e6g8 f8g8 h6f7,1420,doublecheck endgame long mate matein3 sacrifice smotheredmate,Kg8 Nh6+ Kh8 Qg8+ Rxg8 Nf7#
0VbD5,2r2rk1/5p2/p2Q1q1p/N1n3p1/Pp2b3/5PP1/1P2B1P1/2KR2R1 w - - 0 24,d6f6 c5b3,1425,doublecheck mate matein1 middlegame onemove,Qxf6 Nb3#
0MXpJ,r4b1r/1Pp1kppp/p2p4/4p3/B5q1/2P2Nnb/PP3P2/RNBQ1RK1 w - - 1 13,f3h2 g3e2 g1h1 g4g2,1428,doublecheck kingsideattack mate matein2 middlegame short,Nh2 Ne2+ Kh1 Qg2#
0PRFj,r2r4/p2k1NQ1/b2qp3/3p4/2p5/8/P1P3PP/5R1K b - - 0 27,d6f8 f7e5 d7d6 f1f8,1438,advantage discoveredattack doublecheck middlegame short,Qf8 Ne5+ Kd6 Rxf8
0Ca9M,r3k2r/ppp1bp1p/6p1/4PP1K/2B5/2N5/PP5P/R2R4 w kq - 0 19,f5g6 h7g6 h5g4 h8h4 g4f3 h4c4,1438,advantage doublecheck long middlegame skewer,fxg6 hxg6+ Kg4 Rh4+ Kf3 Rxc4
0jz6j,4rr1k/p4B2/3p2Q1/2p3P1/7p/4q3/PP3nPP/R4R1K w - - 1 27,h1g1 f2h3 g1h1 e3g1 f1g1 h3f2,1442,doublecheck long mate matein3 middlegame sacrifice smotheredmate,Kg1 Nh3+ Kh1 Qg1+ Rxg1 Nf2#
0gL0R,r1b4r/ppp1nk1p/3p1Np1/1qb3Q1/5B2/2P5/PP3PPP/R3R1K1 b - - 3 15,h7h6 e1e7 f7e7 f6d5 e7d7 g5e7,1447,advantage attraction doublecheck long middlegame sacrifice,h6 Rxe7+ Kxe7 Nd5+ Kd7 Qe7+
04Xrh,r2qk1nr/p4p1b/2n1P1pp/1p1p4/2pP1NQ1/P1P3P1/1P1B1P1P/R3R2K b kq - 0 17,g8f6 e6f7 e8f7 g4e6 f7g7 e6c6,1448,advancedpawn attackingf2f7 attraction crushing doublecheck fork long middlegame,Nf6 exf7+ Kxf7 Qe6+ Kg7 Qxc6
0cEHV,7r/6pk/r5bp/pQqN1p2/P1P5/5PP1/5nBP/R4R1K w - - 2 32,h1g1 f2h3 g1h1 c5g1 f1g1 h3f2,1453,doublecheck kingsideattack long mate matein3 middlegame sacrifice smotheredmate,Kg1 Nh3+ Kh1 Qg1+ Rxg1 Nf2#
0QGYF,5rk1/pp4p1/2p2p2/2bN1P1q/8/1Q3nB1/PP3P1P/4R2K b - - 0 23,f3e1 d5f6 g8h8 f6h5,1454,crushing doublecheck middlegame short,Nxe1 Nxf6+ Kh8 Nxh5
0XG4L,3rr1k1/1p3pbp/1qpp2p1/p6B/2PnP3/1PN4P/P2Q2PB/1R1R2K1 w - - 0 23,c3a4 d4f3 g1h1 f3d2 a4b6 d2b1,1460,advantage doublecheck long middlegame,Na4 Nf3+ Kh1 Nxd2 Nxb6 Nxb1
0Pzie,2kr3r/pp1b1pp1/4p3/3PR3/2P5/1QPB2pP/P4qP1/R6K w - - 3 21,e5e2 h8h3 g2h3 g3g2 h1h2 g2g1q,1466,advancedpawn doublecheck kingsideattack long mate matein3 middlegame promotion sacrifice,Re2 Rxh3+ gxh3 g2+ Kh2 g1=Q#
07ECu,r3k2r/ppp2pp1/3p1nqp/4p3/2B1P1b1/3PBN2/PPP1QP1K/R5R1 w kq - 10 17,h2g2 g4f3 g2f3 g6h5 f3g3 h5e2,1469,attraction crushing deflection doublecheck long middlegame skewer,Kg2 Bxf3+ Kxf3 Qh5+ Kg3 Qxe2
09iNz,r5k1/2q3pp/p2pRr2/N2n1p2/1PB2Q2/8/2P3PP/R5K1 b - - 0 25,d5f4 e6e8,1471,doublecheck master mate matein1 middlegame onemove,Nxf4 Re8#
0SbZb,3r1b1r/k4pp1/pN2qp1p/3p4/P3P3/4Q2P/5PP1/1R4K1 b - - 1 23,e6e4 b6c8 a7a8 e3a7,1473,doublecheck mate matein2 middlegame short,Qxe4 Nc8+ Ka8 Qa7#
0U2st,r6r/1bpnk3/p2pp1p1/1p2b3/1P2P2p/P1NP1RN1/1PQ3PK/4R3 w - - 0 24,e1f1 h4g3 h2g1 e5d4,1475,crushing doublecheck middlegame short,Ref1 hxg3+ Kg1 Bd4+
0S43u,1r2r1k1/2p2pp1/2Q4p/p3b3/N6B/1P1R3P/P1P2PP1/4qK2 w - - 1 27,f1e1 e5c3 e1d1 e8e1,1481,doublecheck mate matein2 middlegame short,Kxe1 Bc3+ Kd1 Re1#
0HqyL,r4rk1/2q1p2p/1p4pn/3pbb2/p3n2N/2PNB3/PP2B1PP/2RQ1RK1 w - - 0 21,e3h6 e5h2 g1h1 e4g3 h1h2 g3f1,1487,advantage doublecheck fork long middlegame,Bxh6 Bxh2+ Kh1 Ng3+ Kxh2 Nxf1+
0HEko,8/R2N2bk/2p3pp/8/P7/2p4P/1r2nPPK/8 b - - 1 30,g7d4 d7f6 h7h8 a7h7,1491,arabianmate doublecheck endgame master mate matein2 short,Bd4 Nf6+ Kh8 Rh7#
0NNyf,r4rk1/1pp2pp1/p2p3p/7b/P3P1nq/2N1P3/BPPQN1K1/3R1R2 w - - 4 21,e2f4 h4h2 g2f3 g4e5,1491,doublecheck master mate matein2 middlegame short,Nf4 Qh2+ Kf3 Ne5#
0Isdi,5rkQ/p1p1qp2/5R2/2p2b2/1P6/7P/PBP3PK/3q4 b - - 1 26,g8h8 f6h6 h8g8 h6h8,1496,doublecheck endgame mate matein2 short,Kxh8 Rh6+ Kg8 Rh8#
0hr7C,4r1k1/6p1/p1R4p/P1n1pp2/5P2/4KB1P/1r4P1/4R3 w - - 0 33,c6c5 e5f4 e3f4 e8e1,1498,advantage discoveredattack doublecheck endgame short skewer,Rxc5 exf4+ Kxf4 Rxe1
0KOlU,2Q5/5pk1/3N2p1/8/1p2P3/1Pq3P1/5PK1/4b3 b - - 6 36,c3b3 d6e8 g7g8 e8f6,1504,crushing doublecheck endgame master mastervsmaster short,Qxb3 Ne8+ Kg8 Nf6+
0R8Lo,r3k2r/ppp1qppp/3b1n2/2P1n3/1P1B4/P4P2/5PPP/RN1QKB1R w KQkq - 1 11,c5d6 e5f3,1508,doublecheck mate matein1 middlegame onemove,cxd6 Nxf3#
08wFc,6r1/1P6/p3kprN/P2p4/3R4/2PnP1b1/7P/1R3NK1 w - - 0 40,h6g8 g3f2 g1h1 g6g1,1521,doublecheck mate matein2 middlegame short,Nxg8 Bf2+ Kh1 Rg1#
0XT0z,rb2k2r/p2b1ppp/1p1Np3/2Qp4/5P2/2P3Pq/PP1N3P/2KR3R b kq - 1 19,e8e7 d6f5 e7d8 c5e7,1535,advantage doublecheck middlegame short,Ke7 Nf5+ Kd8 Qe7+
0OMRU,rnbq1rk1/pppnb1pQ/4pp2/8/3PNB1N/2PB4/PP3PPP/R4RK1 b - - 0 13,g8h7 e4f6 h7h8 h4g6,1536,doublecheck mate matein2 middlegame short,Kxh7 Nxf6+ Kh8 Ng6#
0iFvS,1k1r3r/p5pp/8/1Pb2p2/3n1P2/3p1BN1/P2B2PP/1R3RK1 w - - 3 24,f1c1 d4f3 g1h1 f3d2,1549,crushing doublecheck kingsideattack middlegame short,Rfc1 Nxf3+ Kh1 Nxd2
098Gu,r5rk/1p3Q1P/2p2N2/4pqp1/p4b2/8/P4PK1/R6R b - - 0 33,g8g7 f7g8 g7g8 h7g8q,1560,advancedpawn doublecheck mate matein2 middlegame promotion short,Rg7 Qg8+ Rgxg8 hxg8=Q#
0FknH,8/1p4k1/3p4/1NpP1p1Q/PnP1pb2/6rP/1P5K/4RBr1 w - - 2 35,h5f5 g3g2,1562,doublecheck master mate matein1 middlegame onemove,Qxf5 R3g2#
0NFsx,3k3r/ppp4q/3p1p2/2b1p3/1PBnP1Q1/3P4/P1PB1PP1/R4RK1 w - - 1 17,f2f3 d4e2,1564,doublecheck mate matein1 middlegame onemove,f3 Ne2#
0DLEr,4rrk1/1pq3pp/p1b5/3pbp2/3Nn3/1BP1B2P/PP3PP1/R2Q1RK1 w - - 2 18,f2f3 e5h2 g1h1 e4g3 h1h2 g3f1,1566,advantage doublecheck fork long middlegame,f3 Bh2+ Kh1 Ng3+ Kxh2 Nxf1+
0CnQK,R3N1k1/3nBpp1/1p2p2p/3p4/1P1P4/8/6PK/1q6 b - - 4 34,g7g5 e8f6 g8g7 a8g8,1568,doublecheck endgame mate matein2 short,g5 Nf6+ Kg7 Rg8#
0f9LV,1Q6/4Rppk/5n1p/1p3P2/2p5/2P1KnPP/1PB3q1/8 w - - 8 39,e7f7 f6d5 e3e4 f3g5,1571,advantage doublecheck endgame master short,Rxf7 Nd5+ Ke4 Ng5+
0WbMY,6k1/8/1P3r1p/2b2pp1/3n1P1N/3P2P1/1B2r2P/1R3RK1 w - - 2 34,f4g5 d4f3 g1h1 e2h2,1572,arabianmate doublecheck mate matein2 middlegame short,fxg5 Nf3+ Kh1 Rxh2#
0SYPS,5rk1/1b1p1p1p/4pPnP/4Pp2/5P2/Pp3N1R/2qB1Q2/K5R1 w - - 1 32,d2e3 b3b2 a1a2 b2b1q,1585,advancedpawn doublecheck mate matein2 middlegame promotion short,Be3 b2+ Ka2 b1=Q#
0I5bJ,r3kb1r/pp2qppp/5n2/2Ppn3/8/2N2P1P/PP3P2/R1BQKB1R w KQkq - 1 11,c3d5 e5f3,1587,doublecheck mate matein1 onemove opening,Nxd5 Nxf3#
0H8Lp,r5k1/pp3pp1/1q3n1p/2bp1B2/N7/3QrP2/PP4PP/R3R1K1 w - - 0 19,a4b6 e3e1,1591,doublecheck kingsideattack master mate matein1 middlegame onemove,Nxb6 Rxe1#
0oeoe,r7/1pp4k/p2p4/3Pp2p/2B1Np1q/3Q1P1b/PPP5/6K1 b - - 3 29,a8g8 e4g5 h7h6 d3h7 h6g5 h7g8,1596,crushing doublecheck endgame exposedking fork long,Rg8+ Ng5+ Kh6 Qh7+ Kxg5 Qxg8+
0erAU,6k1/p4Npp/2n5/2q5/PR3bP1/KQ1p3P/4rP2/8 b - - 1 32,c6b4 f7h6 g8f8 b3f7,1603,doublecheck endgame mate matein2 short,Nxb4 Nh6+ Kf8 Qf7#
0jTtU,3r3k/1pr4q/pQ3p1P/5bp1/5b2/1BP1p3/PP6/K3R2R b - - 7 40,c7d7 b6f6 h7g7 h6g7,1608,advancedpawn doublecheck kingsideattack mate matein2 middlegame short,Rcd7 Qxf6+ Qg7 hxg7#
0OscO,1q1rk2r/1p3ppp/1Pp1p2b/2B2Q2/2PPN3/8/5PP1/R3RK2 b k - 0 25,e6f5 e4f6,1613,doublecheck mate matein1 middlegame onemove,exf5 Nf6#
0ZYfX,2rr3k/4b1pB/4bp1p/4p3/2P1N2P/qP6/P1Q2PP1/R5K1 b - - 0 26,h8h7 e4f6 h7h8 c2h7,1614,doublecheck mate matein2 middlegame short,Kxh7 Nxf6+ Kh8 Qh7#
0cV8k,r6r/3kbpp1/2b1p3/p2pP3/P4P2/2P2NpR/1P1N1qP1/R1BQ3K w - - 0 22,d2e4 h8h3 g2h3 g3g2 h1h2 g2g1q,1617,advancedpawn doublecheck kingsideattack long mate matein3 middlegame promotion,Ne4 Rxh3+ gxh3 g2+ Kh2 g1=Q#
04kFZ,r2qr1k1/ppp2p1p/5pPB/8/6Q1/2Pp4/P1B3PP/bN3K1R b - - 0 19,d3c2 g6h7 g8h7 g4g7,1619,advancedpawn attraction doublecheck kingsideattack mate matein2 middlegame short,dxc2 gxh7+ Kxh7 Qg7#
0Nm9S,8/p1Q3pk/1p3p2/8/1P1Pp3/P3Pq1b/2P2PrB/2R3RK w - - 8 32,c7f4 g2g1 h1g1 f3g2,1621,attraction doublecheck kingsideattack mate matein2 middlegame short,Qf4 Rxg1+ Kxg1 Qg2#
0O7O8,5Q2/7p/4p1pk/2b1P3/2P5/4NPP1/q2BK2P/8 b - - 2 41,c5f8 e3f5 h6h5 g3g4,1625,doublecheck endgame mate matein2 short,Bxf8 Nf5+ Kh5 g4#
0gIvv,r1b5/5kp1/p3qbr1/1p1R4/4p3/1Q6/P4PPP/3R2K1 b - - 1 25,e6g4 d5d7 f7e8 b3f7,1630,doublecheck mate matein2 middlegame short,Qg4 Rd7+ Ke8 Qf7#
0lotM,r1b1k2r/ppppqppp/8/4n3/8/6Q1/PPP2PPP/RN2KB1R w KQkq - 0 11,g3g7 e5f3 e1d1 e7e1,1633,doublecheck mate matein2 middlegame short,Qxg7 Nf3+ Kd1 Qe1#
0JqeT,2r4k/pp3Qp1/6Pp/1q6/2r1p3/2P1P3/1P3P2/1KR4R b - - 4 31,c4c7 h1h6 g7h6 g6g7 h8h7 g7g8q,1636,advancedpawn doublecheck endgame long mate matein3 promotion sacrifice,R4c7 Rxh6+ gxh6 g7+ Kh7 g8=Q#
0VJIv,r7/pp4Pk/3p3P/3N4/2Pnp1b1/5rq1/PP1Q2R1/3K3R w - - 6 33,g2g3 f3f1,1637,doublecheck mate matein1 middlegame onemove,Rxg3 Rf1#
01XlK,r3qr2/2pn2bk/p2p1P2/1p4pp/3PN3/P2Q4/1PP2P2/2K4R b - - 0 22,g7h6 e4g5 h7h8 d3h7,1641,doublecheck mate matein2 middlegame short,Bh6 Nxg5+ Kh8 Qh7#
0Q99q,6k1/5p1p/4pBp1/pB5Q/P2Pq3/4r3/2r3RP/5R1K w - - 4 33,f1g1 c2g2 h5e5 g2g1,1642,crushing doublecheck middlegame short,Rg1 Rxg2 Qe5 Rxg1+
0DWuH,r4rk1/1pp3p1/3b1p1p/p2p2nq/3P4/2PN1N1b/PP1Q1PP1/R3RB1K w - - 0 20,f3g5 h3g2 h1g2 h5h2,1642,attraction crushing doublecheck kingsideattack middlegame sacrifice short,Nxg5 Bxg2+ Kxg2 Qh2+
0aDX3,5r2/1pq4k/2p3p1/p2p1b1n/3B4/P1N4P/1PPQ1PPb/3RR1K1 w - - 6 23,g1f1 h5g3 f2g3 f5d3,1644,doublecheck mate matein2 middlegame sacrifice short,Kf1 Ng3+ fxg3 Bd3#
03av2,r1b1r1k1/1pp1bppp/p1n2n2/3N4/8/P2P3P/BPP2PP1/R1B1K1NR w KQ - 1 12,d5c7 e7b4 e1d1 e8e1,1651,doublecheck mate matein2 opening short,Nxc7 Bb4+ Kd1 Re1#
0Kq6u,r4rk1/ppp2Rp1/7p/4n3/2B5/3Q4/PqP3PP/5R1K b - - 0 17,e5d3 f7f8 g8h7 c4d3,1651,crushing doublecheck intermezzo middlegame short,Nxd3 Rxf8+ Kh7 Bxd3+
0Ys3u,5kr1/1p1r3q/p2P1B2/2p1p2B/6PP/8/PPP5/2K2R2 b - - 2 37,g8g7 f6e7 f8g8 f1f8,1653,doublecheck endgame mate matein2 short,Rgg7 Be7+ Kg8 Rf8#
0cfpV,2kr1b1r/ppB2pp1/4pnq1/3P4/4P2p/2N1N2b/PP1Q1PP1/R4RK1 b - - 0 19,c8c7 c3b5 c7d7 d5e6 d7e8 b5c7,1662,advantage doublecheck long middlegame,Kxc7 Nb5+ Kd7 dxe6+ Ke8 Nc7+
0l3VX,r2q1r2/pb3p1k/1p1p2p1/2p1p1PP/3n1B2/2P1P3/PP1N1P1R/R2QK3 b Q - 0 16,e5f4 h5g6 h7g7 h2h7 g7g6 d1h5,1667,crushing doublecheck long middlegame,exf4 hxg6+ Kg7 Rh7+ Kxg6 Qh5+
0Ouwr,4r1kQ/p4p2/1q2p1b1/3pR2p/6p1/2B5/PP3P2/6K1 b - - 1 30,g8h8 e5h5 h8g8 h5h8,1670,doublecheck endgame master mate matein2 short,Kxh8 Rxh5+ Kg8 Rh8#
0Vne9,R7/1kP1R3/ppq5/2p2r2/N7/P1P2p2/1P2nP2/1K6 b - - 0 38,b7a8 a4b6 a8b7 c7c8q,1672,advancedpawn crushing doublecheck endgame promotion short,Kxa8 Nxb6+ Kb7 c8=Q+
0lmBu,1r4k1/p4ppp/1q6/8/2P2R2/4r3/PB1Q2PP/R5K1 w - - 1 25,a1b1 e3e1,1673,doublecheck mate matein1 middlegame onemove,Rb1 Re1#
0RwUd,3r2k1/1R4p1/p4p1p/P1Qb4/3Pr3/2B3P1/P4P2/1R4Kq w - - 1 34,g1h1 e4h4 h1g1 h4h1,1675,doublecheck master mate matein2 middlegame short,Kxh1 Rh4+ Kg1 Rh1#
0NNDI,r1r5/3Q1ppk/p5q1/3Pp3/8/1NP1nP2/PP5P/1K1R3R w - - 5 23,b1a1 e3c2 a1b1 c2a3 b1a1 g6b1 d1b1 a3c2,1677,doublecheck mate matein4 middlegame sacrifice smotheredmate verylong,Ka1 Nc2+ Kb1 Na3+ Ka1 Qb1+ Rxb1 Nc2#
0Q31w,rn1q3r/pp1bkpp1/3Npn1p/8/1Q6/3B1NP1/PP3PP1/R3K2R b KQ - 7 14,b8c6 d6f5 e7e8 f5g7,1681,doublecheck mate matein2 middlegame short,Nc6 Nf5+ Ke8 Nxg7#
02zCV,r4k1r/1pp2pp1/1b1p1P2/pP6/P2P1nq1/1Q3N1p/3N1P2/R1B1RB1K w - - 0 21,d2e4 g4g2 f1g2 h3g2 h1g1 h8h1,1685,advancedpawn doublecheck exposedking kingsideattack long mate matein3 middlegame sacrifice,Ne4 Qg2+ Bxg2 hxg2+ Kg1 Rh1#
01bxA,5rk1/p5pp/8/6N1/2Q5/8/Pq3P1P/1b3RK1 b - - 3 30,g8h8 g5f7 h8g8 f7h6 g8h8 c4g8 f8g8 h6f7,1690,doublecheck endgame mate matein4 sacrifice smotheredmate verylong,Kh8 Nf7+ Kg8 Nh6+ Kh8 Qg8+ Rxg8 Nf7#
0d38X,r4rk1/6pp/p1n1N1n1/6B1/3Pp3/1BP2PpP/P4q1N/R2Q3K w - - 0 23,h2g4 g3g2 h1h2 g2g1q,1696,advancedpawn doublecheck kingsideattack master mate matein2 middlegame promotion short,Ng4 g2+ Kh2 g1=Q#
0BV7I,3r2k1/2R2p1p/1Q2p1p1/4P3/4pP2/B2b2P1/1P4rP/3K4 w - - 10 40,c7f7 d3c2 d1c1 d8d1,1698,doublecheck endgame mate matein2 short,Rxf7 Bc2+ Kc1 Rd1#
0DkuZ,r4rk1/pp4pp/1qB1pn2/3p4/8/8/PPP2KPP/RNBQR3 w - - 1 13,c1e3 f6g4 f2g1 g4e3,1702,advantage deflection doublecheck middlegame short,Be3 Ng4+ Kg1 Nxe3
0cw7e,b2r3k/5Qpp/p3p3/2q1P3/Bp1n4/P7/1P4PP/R4RK1 w - - 3 28,a1e1 d4f3 g1h1 f3e1,1706,crushing doublecheck kingsideattack middlegame short,Rae1 Nf3+ Kh1 Nxe1
05LLQ,r3k2r/4ppbp/2Pp2p1/1B2n3/1p6/1P3P2/1BPQ2PP/q1KR3R w kq - 3 20,b2a1 a8a1 c1b2 e5c4,1706,doublecheck master mate matein2 middlegame queensideattack short,Bxa1 Rxa1+ Kb2 Nc4#
05zrE,2r1r3/1p1q1pk1/p4n2/P2ppbN1/2n5/B1P1P2B/1P2Q3/R4KR1 b - - 1 31,c4a3 g5e6 g7h8 h3f5,1717,crushing doublecheck interference master middlegame short,Nxa3 Ne6+ Kh8 Bxf5
0EwnI,rnb2r2/pp2k1p1/2p1p2q/5P1P/2P5/3Q2p1/PP4K1/3R1R2 b - - 2 29,h6h5 d3d6 e7e8 d6d8 e8f7 f5e6 f7g6 d8f8,1728,advantage doublecheck fork middlegame verylong,Qxh5 Qd6+ Ke8 Qd8+ Kf7 fxe6+ Kg6 Qxf8
05bmj,R4bk1/5rP1/5pR1/8/2r5/p5P1/1p4K1/8 b - - 0 41,b2b1q g7f8q g8h7 f8f7,1730,advancedpawn deflection doublecheck endgame mate matein2 promotion short,b1=Q gxf8=Q+ Kh7 Qxf7#
0ns1J,4r1k1/pp4pp/b1pN1n2/2b3B1/3q4/1QN5/P4PPP/R5K1 b - - 3 21,g8h8 d6f7 h8g8 f7h6 g8h8 b3g8 f6g8 h6f7,1734,doublecheck kingsideattack mate matein4 middlegame sacrifice smotheredmate verylong,Kh8 Nf7+ Kg8 Nh6+ Kh8 Qg8+ Nxg8 Nf7#
0cs4d,r1bq1rk1/ppp3p1/2np3p/3Np3/2B1P2N/6PP/PPP1Kb2/R2Q3R b - - 1 13,f2g3 d5f6 g8h8 h4g6,1735,doublecheck kingsideattack mate matein2 middlegame short,Bxg3 Nf6+ Kh8 Ng6#
0DXNY,1k5r/p1r4p/Bp1p1p1p/PQp5/2PqP3/3P3P/1P2bRP1/4R1K1 b - - 2 30,e2d3 a5b6 c7g7 b6a7 b8a8 b5c6,1739,advancedpawn advantage doublecheck long middlegame queensideattack,Bxd3 axb6 Rg7 bxa7+ Ka8 Qc6+
0UccL,r3k1nr/ppp2pp1/2nbp3/3p4/3P3p/1PP2PPq/PB2BP1P/RN1Q2RK w kq - 0 12,e2f1 h3h2 h1h2 h4g3 h2g2 h8h2,1745,attraction doublecheck kingsideattack long mate matein3 opening sacrifice,Bf1 Qxh2+ Kxh2 hxg3+ Kg2 Rh2#
0GyHu,2k5/1pp2Np1/p1p5/7p/5n2/2P2P2/PP1rb1PP/1R2R1K1 w - - 1 19,g2g3 f4h3 g1g2 e2f1 g2f1 d2f2,1760,attraction doublecheck endgame kingsideattack long mate matein3 sacrifice,g3 Nh3+ Kg2 Bf1+ Kxf1 Rf2#
0Lv73,4r3/4qpk1/p2p1n1p/1ppP2P1/2P1r3/6QP/1P1BN1K1/3bR1N1 b - - 0 29,d1e2 g5h6 g7h8 g3g7,1760,doublecheck mate matein2 middlegame short,Bxe2 gxh6+ Kh8 Qg7#
0Nj6q,r3k1r1/1p1qbp1p/2n1b3/p1p1N3/2PpP3/PP1P2n1/2N2R1P/R1BQ1BK1 w q - 0 19,e5d7 g3e2 g1h1 g8g1,1760,doublecheck kingsideattack mate matein2 middlegame short,Nxd7 Ne2+ Kh1 Rg1#
0A3tC,5rk1/2p2q2/1p1p2p1/p2P4/2PR4/P1B4Q/KP3r1P/8 b - - 2 28,f2f3 h3h8 g8h8 d4h4 h8g8 h4h8,1762,attraction doublecheck endgame exposedking long master mate matein3 sacrifice,Rf3 Qh8+ Kxh8 Rh4+ Kg8 Rh8#
0SC89,8/3b1pk1/2p3q1/3p3p/3P3P/2P1NQb1/8/5RK1 w - - 0 34,e3f5 d7f5 f3f5 g3f2 g1f2 g6f5,1766,attraction crushing doublecheck endgame exposedking interference intermezzo long master,Nf5+ Bxf5 Qxf5 Bf2+ Kxf2 Qxf5+
0lfwx,r3k2r/ppq3pp/4bp2/8/4N3/8/PPP1QPPb/R3RK2 b kq - 0 16,e6c4 e4d6 e8f8 d6c4,1769,advantage doublecheck middlegame short,Bc4 Nd6+ Kf8 Nxc4
0c2Uk,rnbq3r/5kbp/p2pP1p1/2p5/2p3n1/P1N2N2/1PPP2PP/R1BQ1RK1 b - - 0 12,c8e6 f3g5 f7g8 g5e6 d8h4 h2h3,1770,crushing deflection doublecheck long middlegame,Bxe6 Ng5+ Kg8 Nxe6 Qh4 h3
0bPMu,2rqr1kb/4p2p/p2p2pB/5RN1/1p6/2N5/PPP3B1/2K2R2 b - - 0 24,g6f5 g2d5 e7e6 g5e6 g8f7 e6d8,1771,advantage doublecheck kingsideattack long middlegame,gxf5 Bd5+ e6 Nxe6 Kf7 Nxd8+
0YZdI,1r5r/ppp2k1p/3pRbp1/3B1p2/8/3P4/PPP2PPP/2K1R3 b - - 4 23,c7c6 e6e7 f7f8 e7f7,1772,crushing doublecheck endgame short,c6 Re7+ Kf8 Rf7+
09dtC,r7/pp4k1/3p2p1/2pPp1q1/2P2n1Q/P5P1/1P3PK1/R4R2 w - - 3 30,g2f3 e5e4 f3e3 f4g2,1773,crushing doublecheck endgame short,Kf3 e4+ Ke3 Ng2+
0AaUW,2R5/p4ppk/1b2rr2/6Qp/3p4/P4PBq/1P3PRP/5K2 b - - 9 30,f6f5 g5g7 h7g7 g3e5 g7h7 c8h8,1778,attraction doublecheck long mate matein3 middlegame sacrifice,Rf5 Qxg7+ Kxg7 Be5+ Kh7 Rh8#
0BK43,r1bq1rk1/pp3pp1/2pp1PQp/2bNp1N1/2B1P3/3P4/PPn1K1PP/R1B4n b - - 1 14,f7g6 d5e7 g8h8 e7g6,1780,doublecheck kingsideattack mate matein2 middlegame short,fxg6 Ne7+ Kh8 Nxg6#
07p1C,1r2r1k1/5p1p/4b1p1/2p5/1n1b1N2/1P3PPq/P2BK2P/1BRQ3R w - - 9 23,f4h3 e6c4,1780,doublecheck master mate matein1 middlegame onemove,Nxh3 Bc4#
0Tmh9,2r2rn1/3q1p2/2p4p/1p1pPRpk/p2P2P1/P1PQB2P/1P6/6K1 b - - 0 26,h5g6 f5g5,1781,doublecheck master mate matein1 middlegame onemove,Kg6 Rxg5#
0bcO8,r1bqk1nr/1pp2ppp/p1n1p3/1N2N3/Qb2P3/2pP4/P4PPP/R1B1KB1R b KQkq - 3 9,c6e5 b5c7 e8f8 a4b4,1781,advantage doublecheck opening short,Nxe5 Nxc7+ Kf8 Qxb4+
0CJ5Y,r3kb1r/1bq2ppp/p1np4/1p3P2/3BN3/1PP5/1P2Q1PP/R4RK1 b kq - 0 18,c6d4 e4f6 e8d8 e2e8,1782,doublecheck mate matein2 middlegame short,Nxd4 Nf6+ Kd8 Qe8#
0ifHV,r2r2k1/pp2bp2/2pqpnpQ/4R3/8/1P6/PBPP1PPP/R5K1 b - - 1 18,f6g4 h6h8 g8h8 e5h5 h8g8 h5h8,1800,attraction doublecheck kingsideattack long mate matein3 middlegame sacrifice,Ng4 Qh8+ Kxh8 Rh5+ Kg8 Rh8#
02fS6,r1b2rk1/pppp1ppp/8/8/1KBbP3/6N1/PPq4P/R1B2Q1R w - - 0 15,f1d3 a7a5 b4a3 d4c5 b2b4 a5b4,1800,doublecheck long mate matein3 middlegame,Qd3 a5+ Ka3 Bc5+ b4 axb4#
0QacW,r2q1rk1/1pp3p1/p1bpn2p/3N4/3PB3/1Q3P2/PP4PP/R4RK1 b - - 0 19,e6d4 d5e7 g8h8 e7g6 h8h7 g6f8,1826,crushing doublecheck fork long middlegame,Nxd4 Ne7+ Kh8 Ng6+ Kh7 Nxf8+
0KXc1,r4qk1/pppn2p1/4b2p/3pN3/3P4/2PB2PP/PPQ3K1/5R2 b - - 1 20,f8d6 d3h7 g8h8 e5g6 h8h7 g6f8 h7g8 c2h7,1827,doublecheck kingsideattack mate matein4 middlegame sacrifice verylong,Qd6 Bh7+ Kh8 Ng6+ Kxh7 Nf8+ Kg8 Qh7#
0cI2M,3r4/p2r1pk1/2pq1np1/4p1Np/1p2P2P/1P3PN1/P1P2Q2/2K3R1 b - - 0 26,d6d4 g3f5 g6f5 g5e6 g7h8 e6d4,1830,advantage doublecheck long middlegame sacrifice,Qd4 Nf5+ gxf5 Ne6+ Kh8 Nxd4
0ebUk,2r5/3k4/3Np3/4P3/1r1p4/1pp5/P1P2Q2/1K6 w - - 4 41,d6c8 b3c2 b1c1 b4b1 c1c2 b1b2,1830,advancedpawn crushing doublecheck endgame long,Nxc8 bxc2+ Kc1 Rb1+ Kxc2 Rb2+
0OY8g,6rk/pp3p1p/2p2P1Q/2PpB1p1/3Pr3/7K/PP4PP/8 w - - 0 30,h3g3 e4h4 h6h4 g5h4,1833,crushing doublecheck endgame short trappedpiece,Kg3 Rh4 Qxh4 gxh4+
0FvMl,r1kQ4/pp5p/2n1b1rq/8/2N5/8/P4PPP/2RR2K1 b - - 7 24,c6d8 c4b6 c8b8 d1d8 e6c8 c1c8,1835,deflection doublecheck long mate matein3 middlegame,Nxd8 Nb6+ Kb8 Rxd8+ Bc8 Rcxc8#
0QBtY,R4Rnr/1p6/p1pkp3/8/N2pP3/3Pn2p/PP2B1P1/7K w - - 0 28,f8g8 h3g2 h1g1 h8h1 g1f2 h1f1 e2f1 g2f1q,1835,advancedpawn advantage doublecheck endgame promotion verylong,Rxg8 hxg2+ Kg1 Rh1+ Kf2 Rf1+ Bxf1 gxf1=Q+
0clNO,r2k3r/1p3Rpp/p7/2bn4/3N4/6P1/PP5P/3R2K1 b - - 1 22,d5e3 d4e6 d8e8 d1d7 e3f5 e6c5 h8f8 f7f8,1839,advantage clearance doublecheck fork middlegame verylong,Ne3 Ne6+ Ke8 Rdd7 Nf5+ Nxc5 Rf8 Rxf8+
0KQZa,5rk1/p1p1p1b1/3p1pp1/2n5/6q1/1PN1Pn2/PBPPKP2/R2Q3R w - - 8 18,d1f1 f3d4 e2e1 d4c2,1839,doublecheck mate matein2 middlegame short,Qf1 Nd4+ Ke1 Nxc2#
0XdNO,2kr2nr/Bpp2ppp/3p4/3Np3/2B1P3/3P1P1P/PPn2P2/2R3K1 b - - 2 14,c2d4 d5b6 c7b6 c4e6,1841,clearance doublecheck mate matein2 middlegame queensideattack sacrifice short,Nd4 Nb6+ cxb6 Be6#
0bHyq,1k4r1/1pp5/pq1p1pn1/4p2p/4P3/2P2P1Q/PP5K/3R2R1 w - - 0 33,h3e6 b6f2 g1g2 f2g2 h2g2 g6f4 g2h1 f4e6,1842,attraction crushing doublecheck endgame exposedking fork sacrifice verylong,Qe6 Qf2+ Rg2 Qxg2+ Kxg2 Nf4+ Kh1 Nxe6
0flnN,2b4r/3r2k1/5p1q/p3p1p1/1np1P3/1P3Q1P/P5RK/1BB3R1 w - - 0 36,c1g5 h6h3 f3h3 h8h3 h2h3 d7d3 h3h2 d3h3,1844,attraction doublecheck mate matein4 middlegame sacrifice verylong,Bxg5 Qxh3+ Qxh3 Rxh3+ Kxh3 Rd3+ Kh2 Rh3#
0NrPd,3r1rk1/ppp4p/2b2q2/3pRB2/2P2PpN/6P1/P1Q3PP/6K1 b - - 0 22,d5c4 f5h7 g8h8 h4g6 h8h7 g6f8,1846,advantage doublecheck fork long middlegame,dxc4 Bxh7+ Kh8 Ng6+ Kxh7 Nxf8+
0eik1,r4k1r/3n1Bbp/1pq1N1p1/p2QP3/3n4/8/P4PPP/5RK1 b - - 3 26,f8f7 e6d8 f7e8 d8c6,1854,advantage doublecheck middlegame short,Kxf7 Nd8+ Ke8 Nxc6
0Y6dd,r1b4r/ppqk1Bbp/2nNQ1p1/8/8/B6P/PPp2PP1/3RK2R b K - 1 19,d7d8 d6b7,1856,doublecheck mate matein1 middlegame onemove,Kd8 Nxb7#
0MD1R,rnbq1r1k/1pp5/p3pbQP/3pB3/3Pp3/8/PPP1PPP1/R3KB1R b KQ - 2 14,b8c6 g6g7 f6g7 h6g7,1857,advancedpawn advantage doublecheck kingsideattack middlegame sacrifice short,Nc6 Qg7+ Bxg7 hxg7+
08N44,4r2k/pp5p/1bp3pB/2n1p1N1/2b1P3/P4P2/1P3KPP/R6R w - - 3 21,a1d1 c5e4 f2e1 b6f2,1863,doublecheck mate matein2 middlegame short,Rad1 Nxe4+ Ke1 Bf2#
0g222,5rk1/p1p2ppp/2Pb4/1r6/3B4/5P2/PP3K1P/R5R1 b - - 4 22,d6c5 g1g7 g8h8 g7g8 h8g8 a1g1,1863,attraction doublecheck endgame long mate matein3 sacrifice,Bc5 Rxg7+ Kh8 Rg8+ Kxg8 Rg1#
0CKzc,2k3r1/1pp5/p3N2r/3P4/2P1p2p/P4pPq/1P3P1P/R3Q1RK w - - 4 34,e6f4 h3h2 h1h2 h4g3,1865,attraction doublecheck kingsideattack mate matein2 middlegame sacrifice short,Nf4 Qxh2+ Kxh2 hxg3#
0j6wH,4rr1k/1ppq1pRp/5Q2/p7/3n3P/3P1B2/PPP5/2K4R b - - 2 23,e8e6 g7g8 h8g8 h1g1,1867,attraction doublecheck mate matein2 middlegame sacrifice short,Re6 Rg8+ Kxg8 Rg1#
0MkVj,6Q1/5p1B/p3bk1p/1pq5/3n4/2N3P1/PP4P1/R5K1 w - - 7 34,a1f1 d4f3 g1h1 c5h5,1873,doublecheck mate matein2 middlegame short,Rf1+ Nf3+ Kh1 Qh5#
0myc7,k7/P7/2R2Np1/2P1p1P1/5P2/2nr4/2q3B1/6K1 b - - 2 42,d3g3 c6c8 a8a7 c8a8,1882,doublecheck endgame master mate matein2 short,Rg3 Rc8+ Kxa7 Ra8#
0JdzY,3r1r2/pp4k1/4qpR1/2pN3p/1nP2P1P/3R4/PPQ5/2K5 b - - 0 24,g7g6 d3g3 g6h6 c2g6,1890,doublecheck mate matein2 middlegame short,Kxg6 Rg3+ Kh6 Qg6#
0C2a5,r1bq2kr/1pp3p1/1pnp4/7p/3PnB2/1QP5/PP4PP/RN3RK1 b - - 1 13,g8f8 f4d6 f8e8 b3f7,1891,doublecheck mate matein2 middlegame short,Kf8 Bxd6+ Ke8 Qf7#
0VSTc,r4k2/pp3Bp1/3R3p/PP6/4p1q1/2Q3p1/5P1P/6K1 w - - 0 31,f7e6 g3f2 g1f2 g4f4 f2g2 f4d6,1892,advancedpawn advantage attraction doublecheck endgame fork long,Be6 gxf2+ Kxf2 Qf4+ Kg2 Qxd6
0Ql05,r3k2r/ppp2pp1/3p2b1/2bPp3/3n2P1/3P2q1/PPP2PB1/R1BQR1K1 w kq - 0 15,f2g3 d4e2 g1f1 e2g3,1897,doublecheck kingsideattack mate matein2 middlegame short,fxg3 Ne2+ Kf1 Nxg3#
0oLc8,2rq1rk1/pb1n2pp/1p6/3pNB2/1b1P4/1PB2P2/P1Q3PP/R3R1K1 b - - 0 17,c8c3 f5h7 g8h8 e5g6 h8h7 g6f8 h7g8 c2h7,1904,crushing doublecheck fork middlegame verylong,Rxc3 Bxh7+ Kh8 Ng6+ Kxh7 Nxf8+ Kg8 Qh7+
0XAdD,7r/pbp1nk1r/1p1pN3/3PpB2/2P3p1/P1P1q1P1/2Q2R1P/5RK1 b - - 0 27,h7h2 f5g6 f7g8 g6f7,1905,doublecheck mate matein2 middlegame short,Rxh2 Bg6+ Kg8 Bf7#
00ZEc,1r3bk1/5p2/3P1qRP/r1n1p3/ppB5/P2Q1P2/1PP5/1K6 b - - 0 35,g8h7 g6g7 h7h6 d3h7,1908,doublecheck mate matein2 middlegame short,Kh7 Rg7+ Kxh6 Qh7#
0eTe3,6k1/p4p1p/2p3p1/4R2P/3Nb3/1P1r4/PB1R3r/2K5 b - - 0 33,d3d2 e5e8 g8g7 d4f5,1916,doublecheck endgame fork master mate matein2 short,Rdxd2 Re8+ Kg7 Nf5#
0NXJ6,r2q1rk1/p4p1p/b4Np1/P4P2/2p1P3/2Qn3P/3R2P1/R5K1 b - - 1 29,g8g7 f6e8 g7h6 c3g7,1918,crushing doublecheck middlegame short,Kg7 Ne8+ Kh6 Qg7+
0SJS4,1b6/pb2kp2/1p2pNp1/4P1Q1/2q2P2/2N3K1/PP5r/R7 b - - 11 37,h2b2 f6d5 e7d7 g5e7 d7c6 e7e8,1924,crushing doublecheck long middlegame,Rxb2 Nfd5+ Kd7 Qe7+ Kc6 Qe8+
03Rmn,2kr3r/pp2bpp1/1q2pn2/1b5p/2B2B2/1N3P1P/PP1Q1P2/2R2RK1 b - - 0 17,d8d2 c4e6 c8d8 c1c8,1931,doublecheck mate matein2 middlegame queensideattack short,Rxd2 Bxe6+ Kd8 Rc8#
0TXZZ,r5k1/p5pp/1p1p1p2/2p1nP1P/8/6Q1/2Pq2P1/2B1R1K1 b - - 2 30,d2c2 c1h6 g7g5 h5g6 c2f5 g6h7,1946,advancedpawn advantage doublecheck enpassant endgame long pin,Qxc2 Bh6 g5 hxg6 Qxf5 gxh7+
0DS6n,r3q1rk/pppb1p1p/3bnp2/7Q/2P1R3/2NB4/PP3PPP/4R1K1 b - - 5 17,e8f8 h5h7 h8h7 e4h4 h7g7 h4h7,1952,attraction doublecheck kingsideattack long mate matein3 middlegame sacrifice,Qf8 Qxh7+ Kxh7 Rh4+ Kg7 Rh7#
0BmTF,5rk1/3p3p/2pP2B1/1r6/p2q1B1P/Pb4Q1/1P5K/2R5 b - - 0 42,d4f4 g6f7 g8f7 g3f4,1963,attraction crushing doublecheck interference intermezzo middlegame short,Qxf4 Bf7+ Kxf7 Qxf4+
0VYdU,r2qk2r/1bp2p2/p3RP2/3P2B1/nbBQ4/8/P1p2PPP/2KR4 b kq - 0 18,f7e6 f6f7 e8d7 d5e6,1966,advancedpawn crushing doublecheck intermezzo middlegame short,fxe6 f7+ Kd7 dxe6+
0fJdT,8/p1p2pk1/2pb1q2/6rp/1P1PR3/2P3P1/P3QP2/4R1K1 w - - 0 26,e4h4 d6g3 h4h3 g3f2 g1h1 f2e1,1967,crushing doublecheck endgame fork long,Rh4 Bxg3 Rh3 Bxf2+ Kh1 Bxe1
0cGsW,6k1/4p2p/3pR1p1/B2nb3/2B5/7P/7r/6K1 b - - 4 36,d5e3 e6g6 g8h8 g6g8,1970,doublecheck endgame mate matein2 short,Ne3 Rxg6+ Kh8 Rg8#
0BquU,r1b2rk1/2qn2pp/1p2pn2/pP1p2N1/P1p5/B1P5/3PBbPP/RN1QR1K1 w - - 0 14,g1f2 f6g4 f2g1 c7h2,1972,doublecheck mate matein2 opening short,Kxf2 Ng4+ Kg1 Qxh2#
0SGKX,8/1N2k3/p2b2p1/3pn3/6P1/3p3P/P1Q4K/8 w - - 0 34,c2d1 e5g4 h2g1 d6h2 g1f1 g4e3,1972,advantage doublecheck endgame long,Qd1 Nxg4+ Kg1 Bh2+ Kf1 Ne3+
01aXt,2rqr3/7k/1pb1p1pp/p2pPp2/2pP1B1P/P1P2NQ1/1P1R1PP1/6K1 b - - 0 38,h7g7 h4h5 g6g5 f3g5 e8g8 g5e6,1972,advantage doublecheck long middlegame pin,Kg7 h5 g5 Nxg5 Rg8 Nxe6+
0EEFr,6k1/1b1nB1p1/pq1p3p/1p6/4P1n1/P1N5/1PPQ1rPP/R3R1K1 w - - 0 18,d2d6 f2f1 g1f1 b6f2,1982,attraction doublecheck kingsideattack mate matein2 middlegame sacrifice short,Qxd6 Rf1+ Kxf1 Qf2#
0J2Pe,8/6pk/1R2p2p/3q4/5Q2/4PnPP/5P1K/8 w - - 7 42,h2g2 f3h4 g2f1 d5d1,1989,doublecheck endgame mate matein2 short,Kg2 Nh4+ Kf1 Qd1#
0g7Id,2rq1rk1/p2b2pp/5p2/1P1Np3/3nP3/1B1N4/PP4PP/4QR1K b - - 0 24,d7b5 d5e7 g8h8 e7g6 h7g6 e1h4,1992,doublecheck kingsideattack long mate matein3 middlegame sacrifice,Bxb5 Ne7+ Kh8 Ng6+ hxg6 Qh4#
07uFw,r1bqr1k1/ppp2pb1/2n3Q1/3Np1p1/2B1P3/P7/1PPP1PP1/R1B1K2R b KQ - 0 12,f7g6 d5e7 g8f8 e7g6,1992,doublecheck kingsideattack master mate matein2 opening short,fxg6 Ne7+ Kf8 Nxg6#
08ars,r3r1k1/5p2/pq1b3Q/1pn1P1N1/P1p5/7P/1P3PP1/n3R1K1 b - - 2 28,a8a7 h6h7 g8f8 h7h8 f8e7 e5d6,1993,advantage doublecheck kingsideattack long middlegame,Ra7 Qh7+ Kf8 Qh8+ Ke7 exd6+
0oUPI,3rb2r/pRnk2pp/B1p2p2/4p3/8/4PPB1/P4KPP/3R4 b - - 5 23,d7c8 b7b8 c8b8 d1d8,2002,attraction deflection doublecheck mate matein2 middlegame queensideattack short,Kc8 Rb8+ Kxb8 Rxd8#
0lmd4,2k3rr/1pp5/p1b1N3/4P2p/3p4/8/PPP2PPP/R4RK1 w - - 0 21,e6d4 g8g2 g1h1 g2g1 h1g1 h8g8,2004,attraction doublecheck endgame long mate matein3 sacrifice,Nxd4 Rxg2+ Kh1 Rg1+ Kxg1 Rg8#
09RYY,r1bq1rk1/p1pp1ppp/8/2pN1P2/2B1P3/6R1/PP4PP/n1B3K1 b - - 1 15,f7f6 d5e7 g8h8 e7g6 h7g6 g3h3,2007,doublecheck kingsideattack long mate matein3 middlegame sacrifice,f6 Ne7+ Kh8 Ng6+ hxg6 Rh3#
0QzEN,4r1k1/2B4p/1P6/2qp2p1/2p1pP2/2QbP2P/3R1KP1/8 w - - 0 43,g2g3 d5d4 c3d4 c5d4 e3d4 e4e3 f2e1 e3d2,2009,advancedpawn advantage doublecheck endgame fork verylong,g3 d4 Qxd4 Qxd4 exd4 e3+ Ke1 exd2+
0fdMx,r4rk1/pb3p2/1p2pN2/2p3p1/2P4p/2Q2q2/PP3P1B/2KR4 b - - 1 32,g8g7 f6e8 g7g6 c3g7,2011,crushing doublecheck middlegame short,Kg7 Ne8+ Kg6 Qg7+
0Azbr,2Q5/6pk/2p5/3q3p/1P5P/P4nP1/5PK1/5R2 w - - 1 38,c8e8 f3e1 g2g1 d5g2,2018,doublecheck endgame mate matein2 short,Qe8 Ne1+ Kg1 Qg2#
0Rklz,3r2k1/pp3ppp/2ppr3/6q1/6bN/1P1PP3/PBP2PK1/R2Q3R w - - 5 20,f2f3 g4f3 g2f3 e6e3 f3f2 g5g3,2019,advantage attraction doublecheck long middlegame,f3 Bxf3+ Kxf3 Rxe3+ Kf2 Qg3+
0H8LG,2k1r3/ppp2ppp/b7/3p4/P2P1b2/1BN1rP2/1PPK2PP/R2R4 w - - 4 21,c3d5 e3d3,2021,doublecheck mate matein1 middlegame onemove,Nxd5 Rd3#
0L3Oo,r6k/1b3Qp1/p2p4/8/1p1pn3/1P5q/PP4PP/5R1K w - - 2 32,g2h3 e4f2 h1g1 f2h3,2022,doublecheck endgame mate matein2 short,gxh3 Nf2+ Kg1 Nxh3#
0K6Dx,r4rk1/1p3ppp/p7/5R2/3Q4/6R1/PPPK1P1P/5q2 b - - 0 23,a8d8 g3g7 g8h8 g7g8 h8g8 f5g5,2024,attraction doublecheck endgame long mate matein3 sacrifice,Rad8 Rxg7+ Kh8 Rg8+ Kxg8 Rg5#
0YJd5,2r4r/4bk1p/p2p1n1B/3PnNP1/1p3Q1P/5P2/PPq5/K2R3R b - - 1 24,f6h5 f5d6 f7g6 f4e5,2026,crushing doublecheck middlegame short,Nh5 Nxd6+ Kg6 Qxe5
0C3qf,2r2rk1/pR3R1p/3P2p1/2P2nN1/1Pq5/P7/3Q2PP/6K1 w - - 1 35,f7h7 c4f1 g1f1 f5g3 f1e1 f8f1,2032,attraction doublecheck long mate matein3 middlegame sacrifice,Rxh7 Qf1+ Kxf1 Ng3+ Ke1 Rf1#
0gWiM,8/pp4pk/2p3r1/5Q2/5p1P/1B6/Pr3b1K/5R2 w - - 0 37,h4h5 f2g1 h2h3 b2h2,2032,doublecheck endgame mate matein2 short,h5 Bg1+ Kh3 Rh2#
0Iie3,kr3B1Q/8/1p2p1r1/p2p1pP1/q1bP1P1p/P6P/1R6/1R4K1 b - - 1 39,c4d3 b2b6 b8d8 b6b8 d8b8 b1b8 a8b8 f8d6 b8a7 h8b8,2037,attraction crushing doublecheck exposedking middlegame queensideattack sacrifice verylong,Bd3 Rxb6 Rd8 Rb8+ Rxb8 Rxb8+ Kxb8 Bd6+ Ka7 Qb8+
0D58e,r1b1r1k1/2qn1ppp/pp6/2pP4/4P3/2N2PnP/PB1NBRPb/R2Q3K w - - 5 19,h1h2 g3f1 h2g1 c7h2 g1f1 h2h1,2043,doublecheck long mate matein3 middlegame sacrifice,Kxh2 Nf1+ Kg1 Qh2+ Kxf1 Qh1#
0ibvf,r5r1/1p1b2pk/p3p2p/2P4P/3nN3/R2B4/3K1PP1/7R b - - 2 27,d7c6 e4g5 h7h8 g5f7,2047,doublecheck mate matein2 middlegame short,Bc6 Ng5+ Kh8 Nf7#
00vuv,r3r3/2q1b1pk/p3P1Np/5Qp1/8/3p4/PPp2P2/2R1R1K1 b - - 1 30,d3d2 g6f8 h7g8 f5h7 g8f8 h7h8,2048,doublecheck long mate matein3 middlegame sacrifice,d2 Nf8+ Kg8 Qh7+ Kxf8 Qh8#
0h4RB,r5k1/pq3ppp/4p1r1/2pnB3/P7/1P5P/2PQ1PP1/R4RK1 w - - 1 30,a1d1 g6g2 g1g2 d5e3 g2g3 b7g2,2052,attraction crushing doublecheck kingsideattack long middlegame sacrifice,Rad1 Rxg2+ Kxg2 Ne3+ Kg3 Qg2+
0GbDM,r6r/1pp1qkpp/5n2/3P1b2/pbPN4/NK1n1P2/PP4PP/R1BQ1B1R w - - 0 15,b3c2 d3e1,2054,doublecheck mate matein1 middlegame onemove,Kc2 Ne1#
00KNK,r3r1k1/p1p4p/3b4/4p1qN/8/1P1b1Q2/P2P1PP1/B5KR b - - 2 22,e5e4 h5f6 g8f8 f6h7 f8e7 a1f6 g5f6 f3f6,2057,advantage deflection doublecheck fork middlegame verylong,e4 Nf6+ Kf8 Nxh7+ Ke7 Bf6+ Qxf6 Qxf6+
0cuVy,6k1/ppb1q1p1/2p1R2p/8/PP1r4/1Q5P/5PP1/6K1 b - - 1 28,e7b4 e6e8 g8h7 b3g8 h7g6 e8e6 g6h5 g8f7,2060,crushing doublecheck endgame verylong,Qxb4 Re8+ Kh7 Qg8+ Kg6 Re6+ Kh5 Qf7+
01hzW,3r4/1p5p/2kb3R/p4pP1/Prp2P2/K3P1N1/1P6/3R4 w - - 0 34,g3f5 b4a4 a3a4 b7b5 a4a5 d8a8,2063,attraction doublecheck endgame long mate matein3 sacrifice,Nxf5 Rxa4+ Kxa4 b5+ Kxa5 Ra8#
0d5of,2r2rk1/1b3p2/p3pRpN/3pB2p/2p1P3/PnP4P/1P4P1/1B4K1 b - - 1 30,g8g7 f6f7 g7h6 e5g7 h6h7 g7f8,2070,advantage discoveredattack doublecheck fork long middlegame sacrifice,Kg7 Rxf7+ Kxh6 Bg7+ Kh7 Bxf8+
0Yzel,r6r/pp1q2k1/3pb3/2p1b1Qp/2P5/1P4PP/P4PBK/3R1R2 b - - 2 25,g7f7 f2f4 e5f6 f4f5 f6g5 f5e6,2076,advantage doublecheck long middlegame sacrifice,Kf7 f4 Bf6 f5 Bxg5 fxe6+
0PvRs,r5nr/pq4b1/kn1QR2p/1p4p1/1P6/2P5/P4PPP/R1B3K1 b - - 2 27,g8f6 a2a4 b7d7 a4b5 a6b7 e6e7,2083,advantage doublecheck long middlegame pin,Nf6 a4 Qd7 axb5+ Kb7 Re7
05DXA,3r1rk1/q3bppp/2p1p3/1p2B3/1n1P4/3B1P2/PPP2P1P/R5RK b - - 3 21,b4d3 g1g7 g8h8 g7g8 h8g8 a1g1 e7g5 g1g5,2098,attraction doublecheck kingsideattack mate matein4 middlegame sacrifice verylong,Nxd3 Rxg7+ Kh8 Rg8+ Kxg8 Rg1+ Bg5 Rxg5#
0BaPz,r1bq1k1r/pppp2p1/1bn2P1p/6N1/3P4/5Q2/PP3PPP/RNB2RK1 b - - 0 12,h6g5 c1g5 d8e8 f6g7 f8g7 g5f6,2106,advancedpawn advantage attraction doublecheck long opening,hxg5 Bxg5 Qe8 fxg7+ Kxg7 Bf6+
0ZLoY,4r1k1/1b3pbp/6p1/2Rn4/Q2Pq3/N3P1B1/1P3PPP/5RK1 w - - 1 27,a4c2 e4g2 g1g2 d5f4 g2g1 f4h3,2118,attraction doublecheck kingsideattack long mate matein3 middlegame sacrifice,Qc2 Qxg2+ Kxg2 Nf4+ Kg1 Nh3#
0TQxz,1r5k/4b1pp/8/p1p1N3/4B3/1r1P2PP/qB1R4/1RK5 b - - 0 31,g7g6 e5g6 h8g8 e4d5,2120,doublecheck mate matein2 middlegame short,g6 Nxg6+ Kg8 Bd5#
0mk9C,r1b1k2r/ppp2ppp/2p4n/8/2B5/4qN2/P1P3PP/R2Q1R1K b kq - 1 13,h6g4 c4f7 e8f7 f3e5 f7e8 e5g4,2122,advantage attackingf2f7 attraction doublecheck long middlegame sacrifice,Ng4 Bxf7+ Kxf7 Ne5+ Ke8 Nxg4
0CFSa,r1q1r1k1/ppp3p1/5p1p/3RR3/2Q3P1/1PP4P/1PP5/6K1 b - - 0 21,e8e5 d5d8 g8h7 c4g8 h7g6 d8c8 a8c8 g8c8,2125,crushing doublecheck endgame verylong,Rxe5 Rd8+ Kh7 Qg8+ Kg6 Rxc8 Rxc8 Qxc8
0kBji,6k1/5pp1/8/1p1pr2p/1P1PN3/8/5qPP/1BR4K b - - 1 34,f2b2 c1c8 e5e8 c8e8 g8h7 e4g5 h7h6 g5f7,2126,doublecheck endgame mate matein4 verylong,Qb2 Rc8+ Re8 Rxe8+ Kh7 Ng5+ Kh6 Nxf7#
0Ca27,5r2/pp3pkp/4qNp1/3p4/3Q4/rP5P/6P1/5R1K b - - 2 30,a3b3 f6e8 g7g8 d4g7,2128,doublecheck endgame mate matein2 short,Rxb3 Ne8+ Kg8 Qg7#
03M4g,r1b2rk1/1p5N/1q2p1p1/n2pPn2/5P2/1PPBb3/1BQN2P1/2KR3R w - - 1 19,d3f5 a5b3 c1b1 a8a1 b2a1 b3d2,2130,advantage doublecheck exposedking long middlegame queensideattack,Bxf5 Nxb3+ Kb1 Ra1+ Bxa1 Nxd2+
03IMR,r2qkb1r/pp3ppp/4pn2/1N3b2/Q1nP4/5N2/PP3PPP/R1B1R1K1 b kq - 1 11,c4b6 b5d6 e8e7 d6f5,2140,doublecheck mate matein2 opening pin short,Nb6 Nd6+ Ke7 Nxf5#
01B5q,r4rk1/1pp1np1p/p4Qp1/3P3P/P2Nq3/8/1B4R1/5B1K b - - 0 36,e7d5 f6g7 g8g7 d4f5 g7g8 f5h6,2153,attraction doublecheck long mate matein3 middlegame pin sacrifice,Nxd5 Qg7+ Kxg7 Nf5+ Kg8 Nh6#
00LRq,1k6/1p1q4/P2p3p/1NpPpn1Q/5b2/2P3r1/1P2B1P1/R6K b - - 3 28,g3g7 a6a7 b8a8 b5c7 d7c7 h5e8 c7b8 a7b8q,2157,advancedpawn doublecheck mate matein4 middlegame promotion queensideattack sacrifice verylong,Rg7 a7+ Ka8 Nc7+ Qxc7 Qe8+ Qb8 axb8=Q#
0Unbw,8/p2q1pk1/2p2n2/2Pp4/P2N2p1/2Q1P1P1/5P2/7K b - - 0 38,f6e4 d4e6 g7g6 c3g7 g6f5 e6d4,2170,doublecheck endgame long mate matein3,Ne4 Ne6+ Kg6 Qg7+ Kf5 Nd4#
0f9O8,r2qk1nr/pbp2ppp/1pnbp3/6N1/5P2/2NBB3/PPP3PP/R2Q1RK1 b kq - 5 9,h7h6 d1h5 d8e7 g5f7 g8f6 f7d6,2172,advantage attackingf2f7 doublecheck long opening,h6 Qh5 Qe7 Nxf7 Nf6 Nxd6+
0KuxT,3q1r2/1b1nbp1k/4p2p/3pP2Q/2pP1PPN/1pP5/1P6/rNKR3R b - - 0 25,f8g8 h5h6 h7h6 h4f5 h6g6 h1h6,2173,attraction doublecheck hookmate long mate matein3 middlegame sacrifice,Rg8 Qxh6+ Kxh6 Nf5+ Kg6 Rh6#
0K3Ll,2kr2r1/pb3p1p/1p2p3/1P6/2Pp4/P3PN2/4BPPP/BN3RK1 w - - 0 17,f3d4 g8g2 g1h1 g2g1 h1g1 d8g8 e2g4 g8g4,2181,attraction doublecheck kingsideattack mate matein4 middlegame sacrifice verylong,Nxd4 Rxg2+ Kh1 Rg1+ Kxg1 Rg8+ Bg4 Rxg4#
0BSZ7,r3k2r/1p2ppbp/pq1p2p1/8/3nPPn1/2NB4/PPPQ2PP/R1B2RK1 w kq - 2 16,c3d5 d4e2 g1h1 b6g1 f1g1 g4f2,2189,doublecheck kingsideattack long mate matein3 middlegame sacrifice smotheredmate,Nd5 Ne2+ Kh1 Qg1+ Rxg1 Nf2#
0WRhe,r4rk1/pp5p/2p3p1/2Ppbb2/1P4q1/1QN1PRP1/PB5P/5RK1 b - - 2 19,f5d3 c3d5 f8f3 d5f6 g8f8 f6g4,2196,crushing doublecheck fork long middlegame sacrifice,Bd3 Nxd5 Rxf3 Nf6+ Kf8 Nxg4
0ARH6,r1b1qknN/pppnbppp/8/3N3Q/3P1p2/8/PPP3PP/R1B1KB1R w KQ - 3 13,d5c7 e7h4 e1d2 e8e3 d2d1 e3e1,2198,doublecheck exposedking long mate matein3 opening,Nxc7 Bh4+ Kd2 Qe3+ Kd1 Qe1#
0BJQ6,1b2r1k1/1R3ppp/p7/4n3/1P3rP1/P2K4/B1Q5/7R w - - 13 42,d3e3 e5c4 e3d3 e8e3,2202,doublecheck mate matein2 middlegame short,Ke3 Nc4+ Kd3 Re3#
0556F,5rk1/5ppb/1pN5/3P1P1P/1PP1n3/4q2P/1QK5/r4BR1 b - - 6 31,a1a2 g1g7 g8h8 g7g8 h8g8 c6e7,2213,attraction doublecheck kingsideattack long mate matein3 middlegame sacrifice,Ra2 Rxg7+ Kh8 Rg8+ Kxg8 Ne7#
0ftFY,2r3k1/4pR1p/p5p1/1p6/8/1B2q1nP/PB4PK/8 b - - 0 37,e3e2 f7g7 g8h8 g7g8,2220,doublecheck endgame mate matein2 short,Qe2 Rg7+ Kh8 Rg8#
0JYWa,r1b4r/ppp1k1pp/3q1p2/2QNN3/2B5/3P4/PP3PPP/n4K1R b - - 5 17,e7e6 d5c7 e6e7 c7d5,2227,crushing doublecheck fork middlegame pin short,Ke6 Nxc7+ Ke7 Nd5+
0Q1Qd,5r2/1pr4k/p6P/4qpQ1/3ppR2/1P5P/P7/6RK b - - 3 34,c7f7 g5g6 h7h8 f4h4 e5e7 g6g7 f7g7 h6g7,2244,advancedpawn crushing doublecheck endgame exposedking sacrifice verylong,Rcf7 Qg6+ Kh8 Rh4 Qe7 Qg7+ Rxg7 hxg7+
0HLAQ,3r1rk1/pbp1qppp/1p2p3/4b3/2PB2Q1/5P1N/PP2KP1P/3R2R1 b - - 6 19,e5f6 g4g7 f6g7 g1g7 g8h8 g7g8 h8g8 d1g1 e7g5 g1g5,2271,attraction doublecheck kingsideattack mate matein5 middlegame sacrifice verylong,Bf6 Qxg7+ Bxg7 Rxg7+ Kh8 Rg8+ Kxg8 Rg1+ Qg5 Rxg5#
0opFG,r3kb1r/p1qbnppp/4p3/3pPPN1/2pB4/8/P2NQ1PP/1R3RK1 b kq - 0 17,h7h6 g5f7 e8f7 f5e6 f7g8 e6d7,2280,advancedpawn advantage attackingf2f7 attraction doublecheck long middlegame,h6 Nxf7 Kxf7 fxe6+ Kg8 exd7
0TWRT,6r1/1b1kn3/p4Bn1/Pp1pPN2/1P1P1pK1/2PB4/5RPr/2R5 w - - 6 39,f5e7 g6e5 g4f5 h2h5 f5f4 e5d3,2290,advantage doublecheck long middlegame,Nxe7 Nxe5+ Kf5 Rh5+ Kxf4 Nxd3+
0DvUw,5n2/p5k1/1p3b2/5QP1/1PP4q/8/P1Br1P1P/6RK b - - 0 34,d2f2 g5f6 g7h8 f5e5,2290,crushing defensivemove doublecheck master middlegame short,Rxf2 gxf6+ Kh8 Qe5
0cjR8,1r3rk1/pb1Q1pp1/1p1R2n1/5Nq1/P7/2N3p1/1PP2P1P/4R1K1 w - - 0 20,d6g6 g3h2 g1h2 g5h5 h2g3 h5g6,2316,advancedpawn attraction crushing doublecheck fork long master middlegame,Rxg6 gxh2+ Kxh2 Qh5+ Kg3 Qxg6+
0Bsf6,r4rk1/pp3ppp/5b2/3qB3/3P4/5PQB/bP5P/K2R2R1 b - - 1 23,a2b3 g3g7 f6g7 g1g7 g8h8 g7g8 h8g8 d1g1,2322,attraction doublecheck kingsideattack mate matein4 middlegame sacrifice verylong,Bb3 Qxg7+ Bxg7 Rxg7+ Kh8 Rg8+ Kxg8 Rg1#
05k0N,4k2r/p1p2ppp/2q2n2/8/4PB1b/2NP1P1b/PPP4P/R2Q2KR w k - 3 14,d1d2 f6h5 f4g3 c6g6 d2f2 h5g3 h2g3 h4g3 h1h3 g3f2,2325,advantage clearance doublecheck kingsideattack middlegame pin verylong,Qd2 Nh5 Bg3 Qg6 Qf2 Nxg3 hxg3 Bxg3 Rxh3 Bxf2+
01A5W,4r1k1/pp3p2/3p1Ppq/5P2/4r3/6RP/PP3Q2/6RK b - - 2 39,e4e2 g3g6 f7g6 f6f7 g8f7 f5g6 f7e7 f2e2,2341,advancedpawn attraction crushing doublecheck endgame interference intermezzo sacrifice verylong,Re2 Rxg6+ fxg6 f7+ Kxf7 fxg6+ Ke7 Qxe2+
0j1J0,5r1k/2p4p/4Qp1q/5R2/2pN2bp/6P1/P4P1K/5R2 w - - 2 29,e6e7 h4g3 h2g3 g4f5,2345,crushing doublecheck middlegame short,Qe7 hxg3+ Kxg3 Bxf5
0eZVb,6k1/p3qp1p/1np1pNp1/2p5/2Pr2P1/1K5P/PP2Q3/5R2 b - - 3 28,g8g7 e2e5 b6c4 f6e8 g7h6 g4g5,2389,advantage doublecheck endgame long,Kg7 Qe5 Nxc4 Ne8+ Kh6 g5+
04dHh,r4k2/pb2Rpp1/q2B1n1p/1p6/8/2PB4/P1Q2PPP/6K1 b - - 6 24,b7d5 e7e8 f8e8 c2e2 f6e4 d3b5,2415,attraction crushing doublecheck long middlegame pin sacrifice,Bd5 Re8+ Kxe8 Qe2+ Ne4 Bxb5+
0i0nW,r4r1k/1b4pp/8/p1pnPp2/2B2B2/P5Pq/2Q2P1P/R4RK1 w - - 2 24,c2b3 h3g2 g1g2 d5f4 g2g1 f4h3,2420,attraction doublecheck kingsideattack long mate matein3 middlegame sacrifice,Qb3 Qg2+ Kxg2 Nxf4+ Kg1 Nh3#
0esic,rnb2rk1/1p1p1pbN/p3p1p1/q3n2P/8/3B4/PPP2PP1/RNBQ1K1R b - - 0 12,g8h7 h5g6 h7g8 d1h5 f7g6 h5h7 g8f7 c1h6,2431,advantage doublecheck opening verylong,Kxh7 hxg6+ Kg8 Qh5 fxg6 Qh7+ Kf7 Bh6
0TwhF,2r5/2rk1p1Q/pq2pP2/1p1p4/3n3p/P6P/1P2N1P1/2R2RK1 w - - 0 26,h7f7 d7d6 c1c7 d4e2 g1h2 b6c7,2444,advantage doublecheck long middlegame sacrifice,Qxf7+ Kd6 Rxc7 Nxe2+ Kh2 Qxc7
0ELid,1r4k1/5r2/3PR2p/4Pnq1/1NpPQ1p1/2P2p2/6PP/5RK1 w - - 1 34,b4d5 f3f2 f1f2 g5c1 f2f1 c1f1 g1f1 f5g3,2451,advancedpawn advantage attraction doublecheck kingsideattack middlegame sacrifice verylong,Nd5 f2+ Rxf2 Qc1+ Rf1 Qxf1+ Kxf1 Ng3+
0lvxD,r1bq3r/pp1np1bp/1k4p1/2pP2n1/P4BQ1/8/1PP3PP/RN3RK1 b - - 0 15,d7f6 a4a5 b6a6 g4e2 b7b5 a5b6 a6b6 b1c3 a7a6 c3a4 b6b7 a4c5,2466,advantage deflection discoveredattack doublecheck enpassant middlegame quietmove verylong,Nf6 a5+ Ka6 Qe2+ b5 axb6+ Kxb6 Nc3 a6 Na4+ Kb7 Nxc5+
0ZEME,5Q2/1p1k4/pq2p3/3p4/1n1P3P/2N2P2/1KP5/7R w - - 1 38,h4h5 b4d3 b2a3 b6b2 a3a4 b2c3,2512,crushing doublecheck endgame fork long,h5 Nd3+ Ka3 Qb2+ Ka4 Qxc3
0EX5Z,8/3r1k1p/p2p2p1/3NnP2/P2QP3/8/3K1Rq1/8 b - - 3 43,e5f3 d2c3 f3d4 f5g6 f7g7 f2g2,2518,crushing defensivemove doublecheck endgame long sacrifice,Nf3+ Kc3 Nxd4 fxg6+ Kg7 Rxg2
0dzwB,1r1q1r1k/1b5p/p3Np2/1p1P1n1p/4p3/1P5P/1QP1KPR1/6R1 b - - 0 27,d8d5 g2g8 f8g8 b2f6 g8g7 g1g7 d5e6 g7g8 h8g8 f6e6,2528,advantage attraction deflection doublecheck intermezzo kingsideattack middlegame sacrifice verylong,Qxd5 Rg8+ Rxg8 Qxf6+ Rg7 Rxg7 Qxe6 Rg8+ Kxg8 Qxe6+
0HCs0,2k3r1/1p1q3p/p1n1p3/3p4/1P2n1r1/2PP1Np1/P3QP1P/RNB2RK1 w - - 0 21,d3e4 g3h2 g1h1 d7g7 f3g5 g4g5,2558,advancedpawn crushing doublecheck long middlegame,dxe4 gxh2+ Kh1 Qg7 Ng5 Rxg5
0dJeh,4rr1k/pbq4p/1p3p1P/3p1P2/3Bnb1R/2P2N2/PP1NK3/R5Q1 w - - 1 25,h4f4 e4g3 e2f2 c7f4 g1g3 e8e2 f2e2 f4g3,2603,crushing deflection doublecheck exposedking intermezzo master middlegame verylong,Rxf4 Ng3+ Kf2 Qxf4 Qxg3 Re2+ Kxe2 Qxg3
0Dslc,2rr3k/1bqn2p1/pp3b1P/2p2B2/3PpP2/2P1B3/PPQ5/R3K2R b KQ - 0 23,c5d4 h6g7 h8g7 h1h7 g7f8 c2h2,2631,advancedpawn attraction crushing defensivemove doublecheck kingsideattack long middlegame,cxd4 hxg7+ Kxg7 Rh7+ Kf8 Qh2
0HkSH,1rr3k1/5Pp1/p3p3/1p6/3Pn3/q3nN2/2P3Q1/4RRK1 b - - 0 31,g8f7 f3g5 f7e8 g2e4 e3f1 e4e6 e8d8 e6f7 a3g3 g1f1 g3e1 f1e1,2687,crushing discoveredattack doublecheck middlegame verylong,Kxf7 Ng5+ Ke8 Qxe4 Nxf1 Qxe6+ Kd8 Qf7 Qg3+ Kxf1 Qxe1+ Kxe1
0Nzkw,3rr3/1ppnq1p1/p2N3n/2PPpPpk/1P2R3/P6P/2Q5/3R2K1 b - - 2 31,d7f6 c2e2 g5g4 e2h2 f6e4 h3g4,2713,crushing doublecheck long middlegame sacrifice,Nf6 Qe2+ g4 Qh2 Nxe4 hxg4+
0ZzIr,2k3rb/1pq4p/p1b5/2Pn4/2NN4/1P4p1/P4P1P/2RQ1RK1 w - - 0 21,f2g3 g8g3 g1f2 g3g2 f2g2 d5e3 g2g1 c7g7 g1f2 e3d1 c1d1 g7g2 f2e1 g2e4,2714,advantage attraction doublecheck kingsideattack middlegame sacrifice verylong,fxg3 Rxg3+ Kf2 Rg2+ Kxg2 Ne3+ Kg1 Qg7+ Kf2 Nxd1+ Rcxd1 Qg2+ Ke1 Qe4+
0XYhM,6k1/5p1p/1q2pPpP/p2pP3/1p1n3P/1P3Q2/P1rBN3/2R3K1 w - - 0 31,c1c2 d4f3 g1g2 b6a6,2727,advantage doublecheck endgame hangingpiece short,Rxc2 Nxf3+ Kg2 Qa6
0MrYM,r5k1/4r2p/2p2qPQ/p1Pn4/P3pP2/KP1P4/2P5/6RR b - - 5 25,f6c3 g6h7 g8h8 h6c6,2741,advancedpawn crushing discoveredattack doublecheck middlegame short,Qc3 gxh7+ Kh8 Qxc6
0coVM,r2q2k1/6b1/3p4/2p5/np5P/3PB3/KPP2Q2/3R3R w - - 2 30,d1g1 a4c3 a2b3 d8d7 g1g7 g8g7,2830,crushing doublecheck long middlegame quietmove,Rdg1 Nc3+ Kb3 Qd7 Rxg7+ Kxg7
